Ticker,Date,Open,High,Low,Close,Volume
SILK,2020-01-01,0.98,0.98,0.91,0.93,2013500.0
SILK,2020-01-02,0.97,0.97,0.93,0.95,1395500.0
SILK,2020-01-03,0.95,0.95,0.92,0.93,680000.0
SILK,2020-01-06,0.92,0.94,0.87,0.89,2134500.0
SILK,2020-01-07,0.92,0.93,0.87,0.89,1195500.0
SILK,2020-01-08,0.93,0.93,0.88,0.89,264500.0
SILK,2020-01-09,0.97,0.97,0.88,0.9,3081000.0
SILK,2020-01-10,0.92,0.94,0.88,0.9,1503000.0
SILK,2020-01-13,0.95,1.08,0.95,1.01,24787000.0
SILK,2020-01-14,1.02,1.03,0.98,0.99,2886000.0
SILK,2020-01-15,1.03,1.03,0.95,0.97,759000.0
SILK,2020-01-16,0.98,0.98,0.94,0.95,701500.0
SILK,2020-01-17,1.01,1.02,0.95,0.96,605000.0
SILK,2020-01-20,0.96,0.98,0.9,0.95,936500.0
SILK,2020-01-21,0.97,0.97,0.91,0.92,2390000.0
SILK,2020-01-22,0.94,0.94,0.88,0.91,1238000.0
SILK,2020-01-23,0.93,0.94,0.9,0.91,565000.0
SILK,2020-01-24,0.9,0.95,0.9,0.92,1036000.0
SILK,2020-01-27,0.88,0.97,0.88,0.96,1222500.0
SILK,2020-01-28,0.96,0.99,0.92,0.95,1081500.0
SILK,2020-01-29,0.95,0.95,0.9,0.9,817000.0
SILK,2020-01-30,0.93,0.94,0.89,0.94,424000.0
SILK,2020-01-31,0.92,0.94,0.89,0.9,781500.0
SILK,2020-02-03,0.89,0.92,0.86,0.88,822000.0
SILK,2020-02-04,0.9,0.9,0.87,0.89,526000.0
SILK,2020-02-06,0.94,0.94,0.87,0.9,1052500.0
SILK,2020-02-07,0.87,0.92,0.85,0.86,323500.0
SILK,2020-02-10,0.87,0.89,0.83,0.85,679500.0
SILK,2020-02-11,0.88,0.88,0.83,0.85,289000.0
SILK,2020-02-12,0.84,0.88,0.83,0.86,483000.0
SILK,2020-02-13,0.86,0.9,0.85,0.86,824000.0
SILK,2020-02-14,0.86,0.87,0.83,0.84,66500.0
SILK,2020-02-17,0.86,0.88,0.84,0.86,135000.0
SILK,2020-02-18,0.87,0.89,0.8,0.85,442500.0
SILK,2020-02-19,0.83,0.89,0.83,0.88,289000.0
SILK,2020-02-20,0.88,0.88,0.82,0.87,285000.0
SILK,2020-02-21,0.85,0.87,0.83,0.84,218000.0
SILK,2020-02-24,0.87,0.87,0.76,0.79,1537000.0
SILK,2020-02-25,0.83,0.83,0.8,0.81,204000.0
SILK,2020-02-26,0.81,0.83,0.79,0.8,342000.0
SILK,2020-02-27,0.78,0.79,0.76,0.79,343500.0
SILK,2020-02-28,0.8,0.82,0.78,0.79,571500.0
SILK,2020-03-02,0.84,0.85,0.8,0.82,508500.0
SILK,2020-03-03,0.84,0.84,0.8,0.82,128000.0
SILK,2020-03-04,0.82,0.83,0.75,0.78,1453500.0
SILK,2020-03-05,0.82,0.82,0.78,0.8,469000.0
SILK,2020-03-06,0.78,0.8,0.77,0.78,303500.0
SILK,2020-03-09,0.78,0.78,0.73,0.78,529500.0
SILK,2020-03-10,0.78,0.8,0.73,0.75,1024500.0
SILK,2020-03-11,0.75,0.8,0.75,0.77,403500.0
SILK,2020-03-12,0.77,0.78,0.73,0.74,209500.0
SILK,2020-03-13,0.71,0.8,0.7,0.78,594500.0
SILK,2020-03-16,0.77,0.77,0.72,0.72,587000.0
SILK,2020-03-17,0.74,0.75,0.72,0.72,312500.0
SILK,2020-03-18,0.71,0.75,0.63,0.7,1269500.0
SILK,2020-03-19,0.65,0.7,0.59,0.68,4699000.0
SILK,2020-03-20,0.7,0.7,0.64,0.64,885500.0
SILK,2020-03-24,0.61,0.79,0.59,0.65,974500.0
SILK,2020-03-25,0.68,0.68,0.6,0.65,243000.0
SILK,2020-03-26,0.7,0.7,0.64,0.66,789500.0
SILK,2020-03-27,0.65,0.66,0.62,0.65,179500.0
SILK,2020-03-30,0.67,0.69,0.61,0.63,279000.0
SILK,2020-03-31,0.65,0.66,0.62,0.64,1173500.0
SILK,2020-04-01,0.65,0.68,0.63,0.66,156500.0
SILK,2020-04-02,0.65,0.69,0.65,0.69,151500.0
SILK,2020-04-03,0.7,0.7,0.68,0.7,62500.0
SILK,2020-04-06,0.71,0.73,0.65,0.7,850000.0
SILK,2020-04-07,0.7,0.7,0.65,0.7,130500.0
SILK,2020-04-08,0.66,0.71,0.65,0.7,292000.0
SILK,2020-04-09,0.7,0.72,0.68,0.7,174000.0
SILK,2020-04-10,0.7,0.7,0.66,0.7,30000.0
SILK,2020-04-13,0.7,0.71,0.67,0.68,721000.0
SILK,2020-04-14,0.72,0.72,0.62,0.69,9500.0
SILK,2020-04-15,0.71,0.71,0.66,0.68,419500.0
SILK,2020-04-16,0.7,0.73,0.68,0.68,149500.0
SILK,2020-04-17,0.71,0.77,0.69,0.7,821500.0
SILK,2020-04-20,0.72,0.72,0.66,0.7,326500.0
SILK,2020-04-21,0.7,0.7,0.65,0.69,296000.0
SILK,2020-04-22,0.69,0.7,0.65,0.69,688500.0
SILK,2020-04-23,0.7,0.73,0.68,0.69,316500.0
SILK,2020-04-24,0.7,0.7,0.68,0.69,165500.0
SILK,2020-04-27,0.69,0.7,0.67,0.68,538000.0
SILK,2020-04-28,0.68,0.71,0.68,0.7,201500.0
SILK,2020-04-29,0.7,0.7,0.67,0.7,329500.0
SILK,2020-04-30,0.7,0.7,0.67,0.69,636000.0
SILK,2020-05-04,0.68,0.69,0.67,0.69,381000.0
SILK,2020-05-05,0.68,0.69,0.66,0.68,541500.0
SILK,2020-05-06,0.7,0.7,0.67,0.69,488500.0
SILK,2020-05-07,0.69,0.7,0.67,0.69,85500.0
SILK,2020-05-08,0.66,0.72,0.66,0.7,111000.0
SILK,2020-05-11,0.7,0.74,0.66,0.7,771000.0
SILK,2020-05-12,0.7,0.72,0.67,0.7,473500.0
SILK,2020-05-13,0.7,0.73,0.68,0.72,291500.0
SILK,2020-05-14,0.74,0.74,0.71,0.72,350500.0
SILK,2020-05-15,0.71,0.78,0.71,0.76,2354000.0
SILK,2020-05-18,0.78,0.81,0.72,0.8,1948000.0
SILK,2020-05-19,0.82,0.84,0.78,0.83,744500.0
SILK,2020-05-20,0.83,0.83,0.75,0.8,270500.0
SILK,2020-05-21,0.8,0.83,0.78,0.81,261000.0
SILK,2020-05-28,0.82,0.82,0.8,0.81,37500.0
SILK,2020-05-29,0.81,0.81,0.78,0.78,319000.0
SILK,2020-06-01,0.8,0.8,0.77,0.78,79500.0
SILK,2020-06-02,0.79,0.86,0.79,0.81,1483500.0
SILK,2020-06-03,0.82,0.84,0.79,0.84,352000.0
SILK,2020-06-04,0.8,0.82,0.78,0.79,78000.0
SILK,2020-06-05,0.8,0.83,0.79,0.82,49000.0
SILK,2020-06-08,0.83,0.84,0.82,0.83,330000.0
SILK,2020-06-09,0.82,0.86,0.82,0.83,1035000.0
SILK,2020-06-10,0.85,0.89,0.85,0.87,513000.0
SILK,2020-06-11,0.87,0.92,0.86,0.9,669500.0
SILK,2020-06-12,0.86,0.9,0.86,0.88,142500.0
SILK,2020-06-15,0.9,0.9,0.85,0.85,760500.0
SILK,2020-06-16,0.84,0.89,0.84,0.86,491500.0
SILK,2020-06-17,0.87,0.91,0.85,0.87,580500.0
SILK,2020-06-18,0.91,0.91,0.86,0.87,170500.0
SILK,2020-06-19,0.86,0.89,0.85,0.86,102000.0
SILK,2020-06-22,0.87,0.95,0.86,0.88,599000.0
SILK,2020-06-23,0.92,0.92,0.86,0.9,216500.0
SILK,2020-06-24,0.9,0.96,0.9,0.93,1791000.0
SILK,2020-06-25,0.95,0.95,0.89,0.9,425000.0
SILK,2020-06-26,0.9,0.92,0.88,0.9,544000.0
SILK,2020-06-29,0.91,0.94,0.89,0.92,511000.0
SILK,2020-06-30,0.9,0.93,0.8,0.84,1273000.0
SILK,2020-07-01,0.87,0.87,0.78,0.79,1991500.0
SILK,2020-07-02,0.84,0.84,0.75,0.79,1589000.0
SILK,2020-07-03,0.79,0.79,0.78,0.78,55000.0
SILK,2020-07-06,0.8,0.8,0.77,0.78,418000.0
SILK,2020-07-07,0.8,0.8,0.75,0.77,925000.0
SILK,2020-07-08,0.78,0.78,0.75,0.78,507000.0
SILK,2020-07-09,0.79,0.81,0.76,0.79,368500.0
SILK,2020-07-10,0.76,0.79,0.75,0.78,343500.0
SILK,2020-07-13,0.78,0.8,0.77,0.79,225500.0
SILK,2020-07-14,0.77,0.79,0.76,0.79,368500.0
SILK,2020-07-15,0.79,0.79,0.77,0.79,436500.0
SILK,2020-07-16,0.79,0.8,0.77,0.79,253500.0
SILK,2020-07-17,0.79,0.79,0.75,0.76,1446000.0
SILK,2020-07-20,0.78,0.8,0.76,0.79,990500.0
SILK,2020-07-21,0.79,0.8,0.76,0.77,260500.0
SILK,2020-07-22,0.77,0.79,0.75,0.77,251500.0
SILK,2020-07-23,0.78,0.79,0.77,0.78,550000.0
SILK,2020-07-24,0.79,0.82,0.76,0.77,981500.0
SILK,2020-07-27,0.8,0.8,0.77,0.79,401500.0
SILK,2020-07-28,0.8,0.82,0.78,0.8,508500.0
SILK,2020-07-29,0.85,0.85,0.79,0.81,708500.0
SILK,2020-07-30,0.81,0.82,0.76,0.81,159500.0
SILK,2020-08-03,0.84,0.84,0.8,0.82,561000.0
SILK,2020-08-04,0.84,0.84,0.78,0.8,649000.0
SILK,2020-08-05,0.78,0.83,0.75,0.82,1770000.0
SILK,2020-08-06,0.81,0.97,0.79,0.91,7189500.0
SILK,2020-08-07,0.92,0.94,0.87,0.91,2387000.0
SILK,2020-08-10,0.91,0.94,0.89,0.89,588000.0
SILK,2020-08-11,0.89,0.92,0.85,0.9,563000.0
SILK,2020-08-12,0.92,0.92,0.85,0.85,683500.0
SILK,2020-08-13,0.85,0.88,0.82,0.87,398000.0
SILK,2020-08-17,0.89,0.89,0.84,0.86,456000.0
SILK,2020-08-18,0.89,0.91,0.83,0.85,2249000.0
SILK,2020-08-19,0.83,0.85,0.8,0.81,716000.0
SILK,2020-08-20,0.85,0.91,0.81,0.9,1196000.0
SILK,2020-08-21,0.85,0.9,0.82,0.82,352500.0
SILK,2020-08-24,0.83,0.87,0.82,0.83,269500.0
SILK,2020-08-25,0.87,0.87,0.81,0.84,1236000.0
SILK,2020-08-26,0.88,0.88,0.8,0.82,1009500.0
SILK,2020-08-27,0.87,0.88,0.83,0.87,1695000.0
SILK,2020-08-28,0.89,0.99,0.87,0.93,7938500.0
SILK,2020-08-31,0.95,1.09,0.95,1.02,10937500.0
SILK,2020-09-01,1.0,1.02,0.95,0.99,2964500.0
SILK,2020-09-02,0.99,1.03,0.96,1.0,3407500.0
SILK,2020-09-03,1.01,1.06,0.99,1.0,4474500.0
SILK,2020-09-04,1.01,1.04,0.95,0.99,2829500.0
SILK,2020-09-07,1.0,1.02,0.98,0.99,1832500.0
SILK,2020-09-08,0.99,1.08,0.98,1.01,4164500.0
SILK,2020-09-09,1.07,1.08,1.01,1.05,2423000.0
SILK,2020-09-10,1.08,1.17,1.05,1.13,6231500.0
SILK,2020-09-11,1.17,1.19,1.12,1.15,3598000.0
SILK,2020-09-14,1.14,1.29,1.14,1.25,8562500.0
SILK,2020-09-15,1.2,1.29,1.19,1.22,4612000.0
SILK,2020-09-16,1.22,1.22,1.16,1.17,3228000.0
SILK,2020-09-17,1.2,1.2,1.1,1.12,1014000.0
SILK,2020-09-18,1.12,1.19,1.07,1.1,1366000.0
SILK,2020-09-21,1.09,1.14,1.07,1.08,1543000.0
SILK,2020-09-22,1.06,1.07,0.98,1.0,19911000.0
SILK,2020-09-23,1.0,1.18,0.99,1.06,167490500.0
SILK,2020-09-24,1.08,1.14,1.06,1.08,10801000.0
SILK,2020-09-25,1.08,1.12,1.04,1.06,2425000.0
SILK,2020-09-28,1.08,1.09,1.0,1.01,5870000.0
SILK,2020-09-29,1.05,1.06,1.01,1.06,3484500.0
SILK,2020-09-30,1.07,1.17,1.02,1.12,13117000.0
SILK,2020-10-01,1.1,1.12,1.05,1.06,5707000.0
SILK,2020-10-02,1.07,1.07,1.0,1.01,2801500.0
SILK,2020-10-05,1.03,1.04,0.93,0.94,2861000.0
SILK,2020-10-06,0.98,0.99,0.92,0.96,3890500.0
SILK,2020-10-07,0.98,0.99,0.92,0.98,2141000.0
SILK,2020-10-08,1.0,1.0,0.94,0.96,1010000.0
SILK,2020-10-09,1.0,1.0,0.95,0.95,1067000.0
SILK,2020-10-12,0.95,0.98,0.92,0.93,2230500.0
SILK,2020-10-13,0.92,0.96,0.91,0.95,1401500.0
SILK,2020-10-14,0.97,0.97,0.92,0.94,1819000.0
SILK,2020-10-15,0.97,0.97,0.92,0.94,2276500.0
SILK,2020-10-16,0.98,0.99,0.93,0.96,1036500.0
SILK,2020-10-19,0.98,0.99,0.95,0.96,492000.0
SILK,2020-10-20,0.97,0.99,0.96,0.97,1404500.0
SILK,2020-10-21,0.98,1.04,0.97,1.02,2354000.0
SILK,2020-10-22,1.02,1.03,0.98,0.99,1441000.0
SILK,2020-10-23,0.99,1.03,0.96,1.01,1605500.0
SILK,2020-10-26,1.03,1.04,1.01,1.02,794500.0
SILK,2020-10-27,1.01,1.05,0.97,1.0,1442000.0
SILK,2020-10-28,1.02,1.03,0.96,0.96,1282000.0
SILK,2020-10-29,0.98,0.98,0.9,0.95,2389000.0
SILK,2020-11-02,0.97,0.98,0.88,0.9,964500.0
SILK,2020-11-03,0.93,0.97,0.93,0.96,521500.0
SILK,2020-11-04,0.97,0.97,0.92,0.94,1019000.0
SILK,2020-11-05,0.96,0.98,0.9,0.95,1878000.0
SILK,2020-11-06,0.94,0.98,0.94,0.95,1048000.0
SILK,2020-11-09,0.98,1.4,0.98,1.03,11119000.0
SILK,2020-11-10,1.05,1.05,1.0,1.02,3446500.0
SILK,2020-11-11,1.04,1.04,0.98,0.99,1261500.0
SILK,2020-11-12,1.01,1.01,0.95,0.96,1664000.0
SILK,2020-11-13,0.99,0.99,0.95,0.95,1029000.0
SILK,2020-11-16,0.98,0.98,0.94,0.95,583000.0
SILK,2020-11-17,0.98,0.99,0.95,0.95,213000.0
SILK,2020-11-18,0.95,0.98,0.94,0.95,961500.0
SILK,2020-11-19,0.94,0.95,0.92,0.94,899000.0
SILK,2020-11-20,0.97,0.98,0.91,0.92,1073000.0
SILK,2020-11-23,0.92,0.94,0.91,0.93,576000.0
SILK,2020-11-24,0.93,0.98,0.93,0.93,728500.0
SILK,2020-11-25,0.93,0.96,0.91,0.94,1317000.0
SILK,2020-11-26,0.94,0.95,0.92,0.93,1664500.0
SILK,2020-11-27,0.95,0.99,0.91,0.92,2554000.0
SILK,2020-11-30,0.94,0.95,0.91,0.93,716000.0
SILK,2020-12-01,0.97,0.97,0.93,0.94,1803500.0
SILK,2020-12-02,0.93,0.95,0.92,0.94,848000.0
SILK,2020-12-03,0.94,0.95,0.92,0.93,1136500.0
SILK,2020-12-04,0.94,0.95,0.92,0.93,1221000.0
SILK,2020-12-07,0.93,0.94,0.91,0.91,504000.0
SILK,2020-12-08,0.96,0.96,0.9,0.9,1743000.0
SILK,2020-12-09,0.92,0.93,0.9,0.91,1673000.0
SILK,2020-12-10,0.92,0.93,0.9,0.9,1278500.0
SILK,2020-12-11,0.93,0.93,0.9,0.91,664500.0
SILK,2020-12-14,0.93,0.96,0.9,0.93,435000.0
SILK,2020-12-15,0.93,0.93,0.91,0.92,1594500.0
SILK,2020-12-16,0.96,0.96,0.9,0.91,1450500.0
SILK,2020-12-17,0.92,0.92,0.9,0.92,3948500.0
SILK,2020-12-18,0.92,0.94,0.9,0.93,1171000.0
SILK,2020-12-21,0.95,0.99,0.93,0.96,4343000.0
SILK,2020-12-22,0.97,1.05,0.96,0.99,10081000.0
SILK,2020-12-23,1.0,1.02,0.95,0.98,5292500.0
SILK,2020-12-24,1.0,1.04,0.96,0.97,1672500.0
SILK,2020-12-28,1.0,1.02,0.97,0.99,2619500.0
SILK,2020-12-29,1.0,1.02,0.97,1.0,10874500.0
SILK,2020-12-30,1.03,1.04,1.0,1.02,6581500.0
SILK,2020-12-31,1.01,1.2,1.01,1.08,38504500.0
SILK,2021-01-01,1.16,1.16,1.06,1.07,16458500.0
SILK,2021-01-04,1.09,1.11,1.04,1.05,4262500.0
SILK,2021-01-05,1.05,1.11,1.04,1.06,5503500.0
SILK,2021-01-06,1.08,1.09,1.03,1.05,863000.0
SILK,2021-01-07,1.15,1.15,1.06,1.09,11678000.0
SILK,2021-01-08,1.08,1.13,1.08,1.09,10857000.0
SILK,2021-01-11,1.11,1.3,1.11,1.22,69918500.0
SILK,2021-01-12,1.27,1.32,1.18,1.24,25356000.0
SILK,2021-01-13,1.26,1.28,1.2,1.21,15933500.0
SILK,2021-01-14,1.2,1.25,1.19,1.21,10473000.0
SILK,2021-01-15,1.23,1.25,1.12,1.2,5515000.0
SILK,2021-01-18,1.16,1.24,1.16,1.21,2789000.0
SILK,2021-01-19,1.19,1.24,1.18,1.2,7590000.0
SILK,2021-01-20,1.22,1.33,1.22,1.29,42706000.0
SILK,2021-01-21,1.3,1.32,1.18,1.2,16364500.0
SILK,2021-01-22,1.2,1.26,1.15,1.22,14639500.0
SILK,2021-01-25,1.21,1.25,1.2,1.23,3414000.0
SILK,2021-01-26,1.23,1.25,1.2,1.21,5848500.0
SILK,2021-01-27,1.24,1.38,1.19,1.31,23162000.0
SILK,2021-01-28,1.34,1.73,1.27,1.54,354969000.0
SILK,2021-01-29,1.65,1.68,1.54,1.63,80667500.0
SILK,2021-02-01,1.65,1.67,1.55,1.59,26502500.0
SILK,2021-02-02,1.57,1.6,1.53,1.54,12294500.0
SILK,2021-02-03,1.54,1.61,1.53,1.58,14339500.0
SILK,2021-02-04,1.57,1.63,1.55,1.57,9234000.0
SILK,2021-02-08,1.58,1.59,1.49,1.52,8766500.0
SILK,2021-02-09,1.51,1.55,1.42,1.47,17334000.0
SILK,2021-02-10,1.47,1.65,1.43,1.54,21041500.0
SILK,2021-02-11,1.56,1.68,1.53,1.58,29444500.0
SILK,2021-02-12,1.64,1.65,1.52,1.55,8265000.0
SILK,2021-02-15,1.58,1.6,1.53,1.56,5380500.0
SILK,2021-02-16,1.58,1.65,1.57,1.6,11819500.0
SILK,2021-02-17,1.6,1.6,1.56,1.59,7321500.0
SILK,2021-02-18,1.6,1.6,1.54,1.56,5975500.0
SILK,2021-02-19,1.58,1.59,1.49,1.5,16334500.0
SILK,2021-02-22,1.55,1.55,1.4,1.42,16579500.0
SILK,2021-02-23,1.48,1.48,1.39,1.44,11483000.0
SILK,2021-02-24,1.47,1.48,1.37,1.4,5582500.0
SILK,2021-02-25,1.44,1.46,1.42,1.44,3008500.0
SILK,2021-02-26,1.46,1.46,1.38,1.4,2818000.0
SILK,2021-03-01,1.4,1.45,1.38,1.4,2196000.0
SILK,2021-03-02,1.43,1.43,1.36,1.41,2705000.0
SILK,2021-03-03,1.49,1.49,1.38,1.41,5557000.0
SILK,2021-03-04,1.38,1.39,1.31,1.34,7067500.0
SILK,2021-03-05,1.4,1.4,1.33,1.35,4101500.0
SILK,2021-03-08,1.4,1.41,1.27,1.32,2931500.0
SILK,2021-03-09,1.3,1.33,1.2,1.22,6327500.0
SILK,2021-03-10,1.28,1.28,1.2,1.2,4734500.0
SILK,2021-03-11,1.2,1.22,1.15,1.18,3648000.0
SILK,2021-03-12,1.21,1.22,1.16,1.19,3770000.0
SILK,2021-03-15,1.23,1.26,1.17,1.19,5210000.0
SILK,2021-03-16,1.23,1.25,1.17,1.19,4993000.0
SILK,2021-03-17,1.24,1.24,1.2,1.22,3928000.0
SILK,2021-03-18,1.2,1.22,1.18,1.18,4698500.0
SILK,2021-03-19,1.22,1.22,1.18,1.19,1690500.0
SILK,2021-03-22,1.19,1.22,1.18,1.19,2027500.0
SILK,2021-03-24,1.21,1.24,1.2,1.21,3812000.0
SILK,2021-03-25,1.24,1.24,1.18,1.19,2382500.0
SILK,2021-03-26,1.2,1.28,1.19,1.21,3783000.0
SILK,2021-03-29,1.25,1.25,1.06,1.1,7028500.0
SILK,2021-03-30,1.1,1.17,1.1,1.13,4009000.0
SILK,2021-03-31,1.18,1.18,1.12,1.13,5188000.0
SILK,2021-04-01,1.2,1.23,1.14,1.15,2567500.0
SILK,2021-04-02,1.14,1.17,1.09,1.15,4797000.0
SILK,2021-04-05,1.25,1.39,1.25,1.26,20019500.0
SILK,2021-04-06,1.27,1.31,1.21,1.26,3370000.0
SILK,2021-04-07,1.26,1.3,1.25,1.26,3056000.0
SILK,2021-04-08,1.35,1.36,1.18,1.26,12609500.0
SILK,2021-04-09,1.28,1.3,1.15,1.17,10515000.0
SILK,2021-04-12,1.25,1.25,1.18,1.24,7295000.0
SILK,2021-04-13,1.19,1.25,1.19,1.23,4911000.0
SILK,2021-04-14,1.24,1.28,1.23,1.24,1698500.0
SILK,2021-04-15,1.24,1.28,1.19,1.24,4739500.0
SILK,2021-04-16,1.2,1.28,1.19,1.27,1882000.0
SILK,2021-04-19,1.28,1.4,1.2,1.38,12369000.0
SILK,2021-04-20,1.44,1.47,1.4,1.46,12201000.0
SILK,2021-04-21,1.45,1.46,1.36,1.44,7770500.0
SILK,2021-04-22,1.44,1.44,1.36,1.37,3804500.0
SILK,2021-04-23,1.36,1.39,1.27,1.33,3372000.0
SILK,2021-04-26,1.33,1.4,1.2,1.39,16096500.0
SILK,2021-04-27,1.35,1.4,1.35,1.39,2168000.0
SILK,2021-04-28,1.39,1.39,1.3,1.33,3437000.0
SILK,2021-04-29,1.36,1.36,1.31,1.34,3290500.0
SILK,2021-04-30,1.36,1.36,1.29,1.3,1533500.0
SILK,2021-05-03,1.26,1.34,1.25,1.32,2998000.0
SILK,2021-05-04,1.37,1.38,1.32,1.36,2558500.0
SILK,2021-05-05,1.39,1.41,1.33,1.39,4094000.0
SILK,2021-05-06,1.39,1.41,1.32,1.33,1756500.0
SILK,2021-05-17,1.4,1.4,1.35,1.36,1864500.0
SILK,2021-05-18,1.37,1.38,1.34,1.36,1104000.0
SILK,2021-05-19,1.31,1.35,1.27,1.31,2189500.0
SILK,2021-05-20,1.35,1.35,1.26,1.3,4115000.0
SILK,2021-05-21,1.32,1.42,1.31,1.39,10750500.0
SILK,2021-05-24,1.42,1.5,1.38,1.45,36611500.0
SILK,2021-05-25,1.48,1.48,1.41,1.45,8243500.0
SILK,2021-05-26,1.47,1.47,1.42,1.45,16488000.0
SILK,2021-05-27,1.5,1.69,1.46,1.52,126514500.0
SILK,2021-05-28,1.54,1.67,1.54,1.58,56306000.0
SILK,2021-05-31,1.62,1.7,1.6,1.64,71595000.0
SILK,2021-06-01,1.68,1.78,1.64,1.7,86096000.0
SILK,2021-06-02,1.73,1.73,1.64,1.65,20171500.0
SILK,2021-06-03,1.66,1.71,1.62,1.69,23784500.0
SILK,2021-06-04,1.66,1.7,1.65,1.67,14369500.0
SILK,2021-06-07,1.69,1.72,1.63,1.65,11101500.0
SILK,2021-06-08,1.68,1.68,1.56,1.59,16728500.0
SILK,2021-06-09,1.61,1.64,1.53,1.55,16485500.0
SILK,2021-06-10,1.56,1.62,1.52,1.56,7025000.0
SILK,2021-06-11,1.57,1.64,1.57,1.59,10722000.0
SILK,2021-06-14,1.7,1.72,1.58,1.6,11154000.0
SILK,2021-06-15,1.6,1.62,1.55,1.6,7485000.0
SILK,2021-06-16,1.58,1.63,1.56,1.57,9725500.0
SILK,2021-06-17,1.61,1.96,1.59,1.8,188568500.0
SILK,2021-06-18,1.9,1.92,1.71,1.83,44191000.0
SILK,2021-06-21,1.9,2.24,1.86,2.14,235101000.0
SILK,2021-06-22,2.21,2.25,2.03,2.08,75449500.0
SILK,2021-06-23,2.1,2.11,1.91,1.92,52282500.0
SILK,2021-06-24,1.94,1.95,1.77,1.79,33773500.0
SILK,2021-06-25,1.77,1.94,1.72,1.91,19125500.0
SILK,2021-06-28,1.88,1.99,1.86,1.89,22096000.0
SILK,2021-06-29,1.94,2.1,1.92,2.06,69193500.0
SILK,2021-06-30,2.07,2.15,1.97,2.01,44203000.0
SILK,2021-07-01,2.01,2.12,1.97,2.0,51438000.0
SILK,2021-07-02,2.04,2.04,1.93,1.95,19519000.0
SILK,2021-07-05,1.95,1.95,1.85,1.88,14504500.0
SILK,2021-07-06,1.91,1.95,1.88,1.92,17719000.0
SILK,2021-07-07,1.89,1.96,1.88,1.91,9964000.0
SILK,2021-07-08,1.95,2.0,1.92,1.95,14732500.0
SILK,2021-07-09,1.88,1.94,1.87,1.89,13037500.0
SILK,2021-07-12,1.9,1.93,1.84,1.87,15440000.0
SILK,2021-07-13,1.87,1.87,1.8,1.81,11365500.0
SILK,2021-07-14,1.82,1.83,1.75,1.77,9171500.0
SILK,2021-07-15,1.76,1.78,1.71,1.76,10638000.0
SILK,2021-07-16,1.75,1.84,1.75,1.81,3933500.0
SILK,2021-07-19,1.77,1.84,1.77,1.82,3280000.0
SILK,2021-07-23,1.8,1.85,1.8,1.82,3648500.0
SILK,2021-07-26,1.84,1.85,1.8,1.82,7108000.0
SILK,2021-07-27,1.81,1.87,1.8,1.84,9541000.0
SILK,2021-07-28,1.85,1.86,1.8,1.82,10234500.0
SILK,2021-07-29,1.8,1.8,1.7,1.71,9453500.0
SILK,2021-07-30,1.74,1.85,1.72,1.76,10097000.0
SILK,2021-08-02,1.75,1.82,1.73,1.75,5962000.0
SILK,2021-08-03,1.8,1.81,1.74,1.8,8019000.0
SILK,2021-08-04,1.82,1.91,1.75,1.84,11488500.0
SILK,2021-08-05,1.86,1.87,1.76,1.78,9505000.0
SILK,2021-08-06,1.75,1.79,1.72,1.73,5604000.0
SILK,2021-08-09,1.77,1.77,1.7,1.7,8837500.0
SILK,2021-08-10,1.74,1.74,1.64,1.7,3703500.0
SILK,2021-08-11,1.7,1.72,1.67,1.69,3086500.0
SILK,2021-08-12,1.69,1.69,1.65,1.68,3917500.0
SILK,2021-08-13,1.67,1.86,1.66,1.77,7674000.0
SILK,2021-08-16,1.74,1.82,1.72,1.77,6317000.0
SILK,2021-08-17,1.81,1.81,1.75,1.79,3912000.0
SILK,2021-08-20,1.8,1.86,1.78,1.82,9176000.0
SILK,2021-08-23,1.82,1.84,1.8,1.81,3782000.0
SILK,2021-08-24,1.81,1.82,1.75,1.76,4226000.0
SILK,2021-08-25,1.8,1.8,1.74,1.75,4720500.0
SILK,2021-08-26,1.77,1.77,1.71,1.72,4393000.0
SILK,2021-08-27,1.75,1.75,1.68,1.7,3546500.0
SILK,2021-08-30,1.73,1.75,1.64,1.68,6801500.0
SILK,2021-08-31,1.68,1.72,1.66,1.68,2193500.0
SILK,2021-09-01,1.63,1.73,1.63,1.68,1710000.0
SILK,2021-09-02,1.7,1.86,1.66,1.77,16273500.0
SILK,2021-09-03,1.71,1.79,1.7,1.73,2517500.0
SILK,2021-09-06,1.7,1.74,1.67,1.68,3784500.0
SILK,2021-09-07,1.67,1.69,1.64,1.65,3195000.0
SILK,2021-09-08,1.66,1.7,1.6,1.65,3631500.0
SILK,2021-09-09,1.69,1.72,1.64,1.65,1957000.0
SILK,2021-09-10,1.65,1.7,1.64,1.66,1728500.0
SILK,2021-09-13,1.72,1.72,1.62,1.63,2247500.0
SILK,2021-09-14,1.62,1.66,1.57,1.59,6620500.0
SILK,2021-09-15,1.63,1.64,1.51,1.53,5945000.0
SILK,2021-09-16,1.54,1.69,1.51,1.62,3889000.0
SILK,2021-09-17,1.64,1.76,1.64,1.66,10042000.0
SILK,2021-09-20,1.65,1.72,1.62,1.68,2370500.0
SILK,2021-09-21,1.72,1.72,1.6,1.62,4540500.0
SILK,2021-09-22,1.6,1.62,1.41,1.48,14158000.0
SILK,2021-09-23,1.55,1.56,1.48,1.5,8088000.0
SILK,2021-09-24,1.54,1.55,1.42,1.48,5492500.0
SILK,2021-09-27,1.5,1.52,1.41,1.48,3663000.0
SILK,2021-09-28,1.5,1.52,1.45,1.51,3524000.0
SILK,2021-09-29,1.54,1.54,1.44,1.49,4969000.0
SILK,2021-09-30,1.51,1.51,1.45,1.5,1924500.0
SILK,2021-10-01,1.5,1.57,1.46,1.54,2365000.0
SILK,2021-10-04,1.5,1.53,1.43,1.52,3445500.0
SILK,2021-10-05,1.54,1.55,1.49,1.5,2924000.0
SILK,2021-10-06,1.51,1.52,1.47,1.49,7847500.0
SILK,2021-10-07,1.5,1.56,1.5,1.52,3682500.0
SILK,2021-10-08,1.54,1.62,1.52,1.56,9331500.0
SILK,2021-10-11,1.6,1.6,1.47,1.48,4138500.0
SILK,2021-10-12,1.53,1.53,1.39,1.45,7143000.0
SILK,2021-10-13,1.5,1.5,1.36,1.39,4640000.0
SILK,2021-10-14,1.4,1.48,1.34,1.43,10045500.0
SILK,2021-10-15,1.41,1.5,1.41,1.46,2647500.0
SILK,2021-10-18,1.43,1.46,1.42,1.42,1742500.0
SILK,2021-10-20,1.45,1.5,1.44,1.49,1533000.0
SILK,2021-10-21,1.49,1.58,1.45,1.51,7395500.0
SILK,2021-10-22,1.52,1.52,1.46,1.46,1247500.0
SILK,2021-10-25,1.55,1.56,1.38,1.45,638000.0
SILK,2021-10-26,1.47,1.47,1.4,1.42,1878500.0
SILK,2021-10-27,1.42,1.48,1.36,1.41,761000.0
SILK,2021-10-28,1.45,1.45,1.37,1.42,1305000.0
SILK,2021-10-29,1.37,1.49,1.37,1.4,627500.0
SILK,2021-11-01,1.41,1.49,1.41,1.45,2501000.0
SILK,2021-11-02,1.45,1.47,1.4,1.43,1188500.0
SILK,2021-11-03,1.43,1.45,1.4,1.42,2757000.0
SILK,2021-11-04,1.44,1.47,1.42,1.45,2188000.0
SILK,2021-11-05,1.5,1.53,1.44,1.47,4745000.0
SILK,2021-11-08,1.5,1.5,1.43,1.45,2626000.0
SILK,2021-11-09,1.45,1.47,1.37,1.4,1808500.0
SILK,2021-11-10,1.44,1.44,1.4,1.41,1523500.0
SILK,2021-11-11,1.46,1.46,1.38,1.4,2029500.0
SILK,2021-11-12,1.42,1.44,1.35,1.37,984000.0
SILK,2021-11-15,1.36,1.4,1.34,1.37,1469500.0
SILK,2021-11-16,1.4,1.4,1.34,1.36,1629000.0
SILK,2021-11-17,1.37,1.43,1.34,1.4,5381000.0
SILK,2021-11-18,1.43,1.44,1.37,1.39,1164000.0
SILK,2021-11-19,1.38,1.42,1.38,1.38,1195000.0
SILK,2021-11-22,1.38,1.45,1.35,1.36,1703500.0
SILK,2021-11-23,1.38,1.42,1.34,1.35,2296500.0
SILK,2021-11-24,1.38,1.4,1.3,1.3,3636500.0
SILK,2021-11-25,1.32,1.38,1.29,1.35,2890500.0
SILK,2021-11-26,1.36,1.39,1.3,1.32,1988500.0
SILK,2021-11-29,1.32,1.36,1.3,1.33,1590500.0
SILK,2021-11-30,1.33,1.35,1.31,1.32,1458500.0
SILK,2021-12-01,1.35,1.35,1.3,1.31,1165000.0
SILK,2021-12-02,1.31,1.31,1.19,1.21,5161500.0
SILK,2021-12-03,1.23,1.23,1.15,1.18,6889000.0
SILK,2021-12-06,1.22,1.22,1.14,1.17,1560500.0
SILK,2021-12-07,1.19,1.22,1.17,1.2,3416500.0
SILK,2021-12-08,1.23,1.23,1.17,1.19,1802000.0
SILK,2021-12-09,1.19,1.21,1.16,1.19,3247500.0
SILK,2021-12-10,1.21,1.21,1.16,1.18,1680500.0
SILK,2021-12-13,1.19,1.19,1.07,1.1,3160000.0
SILK,2021-12-14,1.11,1.12,1.06,1.11,2998500.0
SILK,2021-12-15,1.14,1.18,1.12,1.17,1829000.0
SILK,2021-12-16,1.18,1.19,1.11,1.16,1928000.0
SILK,2021-12-17,1.13,1.17,1.1,1.15,855000.0
SILK,2021-12-20,1.18,1.42,1.16,1.36,12628000.0
SILK,2021-12-21,1.44,1.47,1.36,1.39,4262500.0
SILK,2021-12-22,1.4,1.4,1.32,1.34,1894000.0
SILK,2021-12-23,1.33,1.4,1.32,1.34,2497000.0
SILK,2021-12-24,1.33,1.36,1.3,1.32,915000.0
SILK,2021-12-27,1.31,1.35,1.3,1.31,1458000.0
SILK,2021-12-28,1.31,1.34,1.31,1.33,1142500.0
SILK,2021-12-29,1.34,1.35,1.27,1.29,2040500.0
SILK,2021-12-30,1.35,1.39,1.31,1.36,2700500.0
SILK,2021-12-31,1.38,1.52,1.32,1.45,11844500.0
SILK,2022-01-03,1.41,1.44,1.4,1.41,2423000.0
SILK,2022-01-04,1.43,1.43,1.36,1.37,4410500.0
SILK,2022-01-05,1.43,1.45,1.37,1.38,2752500.0
SILK,2022-01-06,1.39,1.41,1.35,1.37,1332500.0
SILK,2022-01-07,1.37,1.57,1.25,1.49,12289000.0
SILK,2022-01-10,1.55,1.61,1.48,1.57,5624000.0
SILK,2022-01-11,1.56,1.62,1.5,1.55,4126000.0
SILK,2022-01-12,1.55,1.6,1.53,1.55,5239500.0
SILK,2022-01-13,1.6,1.6,1.53,1.57,6277500.0
SILK,2022-01-14,1.57,1.6,1.52,1.53,2431500.0
SILK,2022-01-17,1.58,1.58,1.41,1.42,2777000.0
SILK,2022-01-18,1.47,1.47,1.4,1.41,1425000.0
SILK,2022-01-19,1.44,1.45,1.32,1.32,3079000.0
SILK,2022-01-20,1.33,1.39,1.3,1.38,4277000.0
SILK,2022-01-21,1.38,1.38,1.31,1.32,3143000.0
SILK,2022-01-24,1.31,1.34,1.25,1.3,1569000.0
SILK,2022-01-25,1.34,1.35,1.27,1.29,3079500.0
SILK,2022-01-26,1.28,1.34,1.26,1.28,1096500.0
SILK,2022-01-27,1.28,1.34,1.26,1.27,1631500.0
SILK,2022-01-28,1.28,1.35,1.27,1.31,1083000.0
SILK,2022-01-31,1.35,1.39,1.24,1.38,3265000.0
SILK,2022-02-01,1.41,1.46,1.35,1.4,2442500.0
SILK,2022-02-02,1.43,1.47,1.35,1.38,3906500.0
SILK,2022-02-03,1.43,1.43,1.35,1.36,1543000.0
SILK,2022-02-04,1.37,1.4,1.36,1.4,996000.0
SILK,2022-02-07,1.42,1.44,1.36,1.36,1133500.0
SILK,2022-02-08,1.39,1.39,1.34,1.35,432000.0
SILK,2022-02-09,1.37,1.41,1.32,1.39,769500.0
SILK,2022-02-10,1.4,1.42,1.34,1.36,2025500.0
SILK,2022-02-11,1.32,1.4,1.32,1.35,2244000.0
SILK,2022-02-14,1.33,1.37,1.31,1.31,3038000.0
SILK,2022-02-15,1.32,1.35,1.28,1.33,2817500.0
SILK,2022-02-16,1.35,1.36,1.3,1.32,834000.0
SILK,2022-02-17,1.3,1.34,1.28,1.28,1174500.0
SILK,2022-02-18,1.3,1.3,1.26,1.26,1571000.0
SILK,2022-02-21,1.28,1.29,1.25,1.28,999500.0
SILK,2022-02-22,1.26,1.3,1.24,1.27,4233500.0
SILK,2022-02-23,1.29,1.29,1.26,1.28,1381000.0
SILK,2022-02-24,1.25,1.28,1.15,1.18,3207000.0
SILK,2022-02-25,1.16,1.25,1.15,1.17,2395500.0
SILK,2022-02-28,1.23,1.23,1.17,1.21,892500.0
SILK,2022-03-01,1.25,1.29,1.2,1.25,737500.0
SILK,2022-03-02,1.26,1.28,1.2,1.26,1155000.0
SILK,2022-03-03,1.27,1.28,1.22,1.25,791000.0
SILK,2022-03-04,1.4,1.4,1.22,1.24,381000.0
SILK,2022-03-07,1.22,1.22,1.13,1.16,2659000.0
SILK,2022-03-08,1.19,1.2,1.13,1.14,2411000.0
SILK,2022-03-09,1.19,1.19,1.11,1.14,3078000.0
SILK,2022-03-10,1.16,1.19,1.12,1.16,1974500.0
SILK,2022-03-11,1.16,1.2,1.14,1.15,314000.0
SILK,2022-03-14,1.22,1.22,1.1,1.12,2327000.0
SILK,2022-03-15,1.15,1.15,1.09,1.13,2051500.0
SILK,2022-03-16,1.15,1.15,1.04,1.06,8278000.0
SILK,2022-03-17,1.14,1.14,1.07,1.1,1548000.0
SILK,2022-03-18,1.08,1.1,1.05,1.06,1783500.0
SILK,2022-03-21,1.07,1.11,1.05,1.1,2438000.0
SILK,2022-03-22,1.12,1.17,1.11,1.14,2970000.0
SILK,2022-03-24,1.1,1.16,1.1,1.13,977000.0
SILK,2022-03-25,1.1,1.18,1.1,1.14,967500.0
SILK,2022-03-28,1.08,1.17,1.08,1.15,464000.0
SILK,2022-03-29,1.18,1.18,1.13,1.17,1150000.0
SILK,2022-03-30,1.12,1.15,1.09,1.11,2661500.0
SILK,2022-03-31,1.09,1.16,1.09,1.14,753000.0
SILK,2022-04-01,1.11,1.14,1.1,1.14,991000.0
SILK,2022-04-04,1.13,1.13,1.08,1.1,1331500.0
SILK,2022-04-05,1.1,1.12,1.09,1.09,1011500.0
SILK,2022-04-06,1.1,1.13,1.1,1.12,305500.0
SILK,2022-04-07,1.12,1.13,1.09,1.09,435000.0
SILK,2022-04-08,1.15,1.19,1.12,1.13,959000.0
SILK,2022-04-11,1.18,1.33,1.16,1.28,7828500.0
SILK,2022-04-12,1.28,1.28,1.18,1.26,2674000.0
SILK,2022-04-13,1.29,1.29,1.18,1.19,3552500.0
SILK,2022-04-14,1.16,1.21,1.16,1.2,981000.0
SILK,2022-04-15,1.19,1.19,1.13,1.15,2370500.0
SILK,2022-04-18,1.19,1.19,1.12,1.14,926000.0
SILK,2022-04-19,1.18,1.18,1.14,1.15,694000.0
SILK,2022-04-20,1.15,1.16,1.13,1.14,284500.0
SILK,2022-04-21,1.12,1.15,1.12,1.14,538500.0
SILK,2022-04-22,1.11,1.17,1.11,1.14,592000.0
SILK,2022-04-25,1.14,1.16,1.1,1.12,2741500.0
SILK,2022-04-26,1.13,1.15,1.08,1.1,2251500.0
SILK,2022-04-27,1.13,1.13,1.09,1.1,1881500.0
SILK,2022-04-28,1.1,1.15,1.05,1.08,2056000.0
SILK,2022-05-06,1.08,1.1,1.04,1.05,2293500.0
SILK,2022-05-09,1.06,1.06,1.0,1.05,5522500.0
SILK,2022-05-10,1.02,1.08,1.01,1.05,462500.0
SILK,2022-05-11,1.03,1.06,1.01,1.02,3440000.0
SILK,2022-05-12,1.01,1.05,1.0,1.02,2642500.0
SILK,2022-05-13,1.02,1.08,1.02,1.06,180000.0
SILK,2022-05-16,1.06,1.06,1.0,1.01,2407000.0
SILK,2022-05-17,1.03,1.05,1.02,1.02,767500.0
SILK,2022-05-18,1.03,1.1,1.03,1.08,1024500.0
SILK,2022-05-19,1.1,1.26,1.1,1.22,13098500.0
SILK,2022-05-20,1.25,1.35,1.15,1.28,17006500.0
SILK,2022-05-23,1.34,1.34,1.23,1.32,9979000.0
SILK,2022-05-24,1.31,1.4,1.29,1.39,14667500.0
SILK,2022-05-25,1.39,1.4,1.31,1.37,6492000.0
SILK,2022-05-26,1.37,1.44,1.35,1.43,13074500.0
SILK,2022-05-27,1.43,1.46,1.27,1.3,11084000.0
SILK,2022-05-30,1.29,1.35,1.25,1.28,3056000.0
SILK,2022-05-31,1.32,1.63,1.32,1.5,71621000.0
SILK,2022-06-01,1.57,1.6,1.46,1.49,24628500.0
SILK,2022-06-02,1.5,1.5,1.42,1.44,9080500.0
SILK,2022-06-03,1.43,1.43,1.35,1.4,7799000.0
SILK,2022-06-06,1.4,1.4,1.34,1.37,4717000.0
SILK,2022-06-07,1.41,1.41,1.31,1.33,3093500.0
SILK,2022-06-08,1.32,1.37,1.29,1.31,3945000.0
SILK,2022-06-09,1.35,1.35,1.26,1.27,6160500.0
SILK,2022-06-10,1.26,1.34,1.26,1.29,1766000.0
SILK,2022-06-13,1.3,1.3,1.21,1.22,4043000.0
SILK,2022-06-14,1.24,1.24,1.19,1.21,4006000.0
SILK,2022-06-15,1.23,1.24,1.21,1.21,2395000.0
SILK,2022-06-16,1.2,1.24,1.19,1.2,2033000.0
SILK,2022-06-17,1.24,1.25,1.18,1.22,4550000.0
SILK,2022-06-20,1.23,1.25,1.2,1.21,1492500.0
SILK,2022-06-21,1.26,1.26,1.2,1.22,3756000.0
SILK,2022-06-22,1.23,1.26,1.21,1.22,2327500.0
SILK,2022-06-23,1.25,1.29,1.22,1.24,3146500.0
SILK,2022-06-24,1.24,1.25,1.15,1.17,5521500.0
SILK,2022-06-27,1.2,1.24,1.18,1.2,1599000.0
SILK,2022-06-28,1.2,1.21,1.16,1.17,3523500.0
SILK,2022-06-29,1.19,1.21,1.13,1.16,2159000.0
SILK,2022-06-30,1.19,1.22,1.16,1.18,2475000.0
SILK,2022-07-01,1.21,1.22,1.17,1.19,1437000.0
SILK,2022-07-04,1.21,1.21,1.15,1.17,870500.0
SILK,2022-07-05,1.18,1.23,1.17,1.21,1948000.0
SILK,2022-07-06,1.21,1.26,1.19,1.25,1678000.0
SILK,2022-07-07,1.33,1.33,1.24,1.25,1499000.0
SILK,2022-07-13,1.29,1.29,1.24,1.27,1925500.0
SILK,2022-07-14,1.28,1.29,1.25,1.27,1150500.0
SILK,2022-07-15,1.27,1.27,1.22,1.23,557500.0
SILK,2022-07-18,1.21,1.22,1.15,1.16,2797500.0
SILK,2022-07-19,1.18,1.19,1.11,1.12,3704000.0
SILK,2022-07-20,1.15,1.15,1.11,1.13,2027000.0
SILK,2022-07-21,1.14,1.15,1.07,1.1,4771500.0
SILK,2022-07-22,1.09,1.16,1.09,1.15,1271000.0
SILK,2022-07-25,1.13,1.14,1.09,1.1,334500.0
SILK,2022-07-26,1.1,1.15,1.1,1.11,503000.0
SILK,2022-07-27,1.13,1.14,1.08,1.09,1266000.0
SILK,2022-07-28,1.12,1.12,1.09,1.1,1929500.0
SILK,2022-07-29,1.12,1.14,1.09,1.12,1730500.0
SILK,2022-08-01,1.12,1.12,1.09,1.09,457000.0
SILK,2022-08-02,1.07,1.15,1.05,1.13,1962500.0
SILK,2022-08-03,1.14,1.16,1.12,1.14,485000.0
SILK,2022-08-04,1.14,1.15,1.1,1.1,1554500.0
SILK,2022-08-05,1.11,1.22,1.1,1.15,3468000.0
SILK,2022-08-10,1.15,1.18,1.13,1.15,1721500.0
SILK,2022-08-11,1.18,1.18,1.12,1.12,1298000.0
SILK,2022-08-12,1.13,1.15,1.13,1.13,1817500.0
SILK,2022-08-15,1.15,1.25,1.14,1.23,4749500.0
SILK,2022-08-16,1.25,1.25,1.15,1.18,1720000.0
SILK,2022-08-17,1.16,1.21,1.16,1.2,888500.0
SILK,2022-08-18,1.23,1.45,1.22,1.28,14889000.0
SILK,2022-08-19,1.29,1.35,1.26,1.27,2094500.0
SILK,2022-08-22,1.27,1.3,1.22,1.23,1742500.0
SILK,2022-08-23,1.23,1.28,1.21,1.22,801000.0
SILK,2022-08-24,1.24,1.26,1.2,1.21,809000.0
SILK,2022-08-25,1.23,1.26,1.2,1.21,1723500.0
SILK,2022-08-26,1.21,1.24,1.19,1.2,799000.0
SILK,2022-08-29,1.18,1.2,1.16,1.17,1080000.0
SILK,2022-08-30,1.2,1.21,1.17,1.17,1449500.0
SILK,2022-08-31,1.17,1.18,1.14,1.15,1560000.0
SILK,2022-09-01,1.2,1.3,1.14,1.2,2831500.0
SILK,2022-09-02,1.24,1.37,1.23,1.25,8957000.0
SILK,2022-09-05,1.25,1.26,1.13,1.14,5072000.0
SILK,2022-09-06,1.15,1.16,1.11,1.14,5006000.0
SILK,2022-09-07,1.13,1.17,1.11,1.15,1354000.0
SILK,2022-09-08,1.16,1.17,1.13,1.14,769000.0
SILK,2022-09-09,1.14,1.15,1.12,1.14,1772500.0
SILK,2022-09-12,1.17,1.17,1.11,1.13,1131500.0
SILK,2022-09-13,1.15,1.15,1.12,1.14,356500.0
SILK,2022-09-14,1.15,1.15,1.12,1.14,538500.0
SILK,2022-09-15,1.13,1.15,1.1,1.11,1899500.0
SILK,2022-09-16,1.11,1.12,1.08,1.1,2477000.0
SILK,2022-09-19,1.14,1.14,1.09,1.09,350500.0
SILK,2022-09-20,1.12,1.12,1.08,1.09,1268000.0
SILK,2022-09-21,1.08,1.1,1.06,1.07,1953500.0
SILK,2022-09-22,1.09,1.09,1.0,1.06,11214000.0
SILK,2022-09-23,1.1,1.1,1.03,1.04,1424500.0
SILK,2022-09-26,1.08,1.09,1.05,1.07,840000.0
SILK,2022-09-27,1.08,1.1,1.07,1.07,1127500.0
SILK,2022-09-28,1.09,1.1,1.06,1.06,375000.0
SILK,2022-09-29,1.09,1.1,1.05,1.06,650000.0
SILK,2022-09-30,1.08,1.12,1.05,1.09,969500.0
SILK,2022-10-03,1.1,1.12,1.04,1.05,1329000.0
SILK,2022-10-04,1.06,1.12,1.06,1.09,4318500.0
SILK,2022-10-05,1.11,1.28,1.11,1.2,13294500.0
SILK,2022-10-06,1.23,1.24,1.15,1.16,3196500.0
SILK,2022-10-07,1.19,1.19,1.13,1.14,1877500.0
SILK,2022-10-10,1.14,1.18,1.13,1.17,1005500.0
SILK,2022-10-11,1.17,1.17,1.14,1.15,1705000.0
SILK,2022-10-12,1.17,1.17,1.13,1.16,982500.0
SILK,2022-10-13,1.14,1.16,1.12,1.13,1309000.0
SILK,2022-10-14,1.14,1.14,1.09,1.11,4471500.0
SILK,2022-10-17,1.14,1.14,1.09,1.1,664500.0
SILK,2022-10-18,1.1,1.13,1.09,1.1,779000.0
SILK,2022-10-19,1.13,1.13,1.07,1.11,3841000.0
SILK,2022-10-20,1.12,1.13,1.08,1.09,1887500.0
SILK,2022-10-21,1.09,1.11,1.05,1.09,2479500.0
SILK,2022-10-24,1.1,1.14,1.09,1.11,1199500.0
SILK,2022-10-25,1.12,1.12,1.07,1.08,1166500.0
SILK,2022-10-26,1.09,1.09,1.05,1.07,2966000.0
SILK,2022-10-27,1.07,1.18,1.05,1.09,1427500.0
SILK,2022-10-28,1.08,1.08,1.03,1.04,2350000.0
SILK,2022-10-31,1.04,1.09,1.0,1.03,5894500.0
SILK,2022-11-01,1.09,1.09,1.03,1.05,1333500.0
SILK,2022-11-02,1.08,1.08,1.05,1.06,1838000.0
SILK,2022-11-03,1.05,1.12,1.05,1.07,4771000.0
SILK,2022-11-04,1.1,1.1,1.05,1.06,1762000.0
SILK,2022-11-07,1.1,1.1,1.05,1.06,471000.0
SILK,2022-11-08,1.07,1.09,1.06,1.06,909000.0
SILK,2022-11-10,1.1,1.1,1.06,1.08,932500.0
SILK,2022-11-11,1.12,1.14,1.08,1.11,1668500.0
SILK,2022-11-14,1.14,1.14,1.06,1.07,508000.0
SILK,2022-11-15,1.08,1.11,1.06,1.08,1162500.0
SILK,2022-11-16,1.09,1.1,1.08,1.08,348500.0
SILK,2022-11-17,1.11,1.11,1.06,1.07,630000.0
SILK,2022-11-18,1.07,1.08,1.0,1.05,3207500.0
SILK,2022-11-21,1.05,1.06,1.03,1.04,2291000.0
SILK,2022-11-22,1.08,1.08,1.03,1.04,1949500.0
SILK,2022-11-23,1.08,1.1,1.05,1.08,2680000.0
SILK,2022-11-24,1.08,1.1,1.07,1.09,1362500.0
SILK,2022-11-25,1.15,1.15,1.09,1.1,1559500.0
SILK,2022-11-28,1.07,1.12,1.06,1.09,1367500.0
SILK,2022-11-29,1.12,1.13,1.06,1.09,1801000.0
SILK,2022-11-30,1.1,1.1,1.05,1.05,1270000.0
SILK,2022-12-01,1.08,1.09,1.06,1.08,890000.0
SILK,2022-12-02,1.13,1.13,1.05,1.08,1044000.0
SILK,2022-12-05,1.09,1.09,1.03,1.04,821500.0
SILK,2022-12-06,1.08,1.08,1.03,1.05,751000.0
SILK,2022-12-07,1.06,1.17,1.05,1.13,3206500.0
SILK,2022-12-08,1.14,1.15,1.09,1.09,1648500.0
SILK,2022-12-09,1.1,1.1,1.04,1.07,1375000.0
SILK,2022-12-12,1.06,1.09,1.03,1.04,1340500.0
SILK,2022-12-13,1.07,1.12,1.07,1.07,1558500.0
SILK,2022-12-14,1.11,1.11,1.05,1.06,598500.0
SILK,2022-12-15,1.1,1.1,1.03,1.06,2387500.0
SILK,2022-12-16,1.05,1.09,1.05,1.06,1193000.0
SILK,2022-12-19,1.06,1.06,1.02,1.04,1165500.0
SILK,2022-12-20,1.03,1.04,0.96,0.98,6902500.0
SILK,2022-12-21,1.0,1.02,0.96,0.96,1935000.0
SILK,2022-12-22,0.94,1.0,0.94,0.99,480500.0
SILK,2022-12-23,0.97,0.99,0.95,0.98,1947000.0
SILK,2022-12-26,1.0,1.02,0.96,0.98,1513500.0
SILK,2022-12-27,1.04,1.04,0.96,0.96,1459000.0
SILK,2022-12-28,0.99,0.99,0.93,0.94,1661500.0
SILK,2022-12-29,0.97,0.98,0.94,0.96,745500.0
SILK,2022-12-30,0.97,1.0,0.96,0.97,703500.0
SILK,2023-01-02,0.98,1.0,0.96,0.98,1235000.0
SILK,2023-01-03,0.98,1.0,0.95,0.95,650000.0
SILK,2023-01-04,0.98,0.98,0.94,0.94,686000.0
SILK,2023-01-05,0.95,0.97,0.94,0.94,369000.0
SILK,2023-01-06,0.96,0.97,0.91,0.93,1524000.0
SILK,2023-01-09,0.94,1.01,0.94,0.96,2209500.0
SILK,2023-01-10,0.98,1.0,0.94,0.95,1551000.0
SILK,2023-01-11,0.99,0.99,0.93,0.95,1638500.0
SILK,2023-01-12,0.98,0.98,0.93,0.96,959000.0
SILK,2023-01-13,0.95,0.96,0.92,0.93,1600500.0
SILK,2023-01-16,0.97,0.97,0.91,0.92,735000.0
SILK,2023-01-17,0.95,0.95,0.91,0.92,1264500.0
SILK,2023-01-18,0.93,0.93,0.9,0.92,1323500.0
SILK,2023-01-19,0.93,0.93,0.89,0.9,1243500.0
SILK,2023-01-20,0.9,0.93,0.89,0.92,711000.0
SILK,2023-01-23,0.93,0.93,0.88,0.89,335000.0
SILK,2023-01-24,0.93,0.97,0.9,0.92,880000.0
SILK,2023-01-25,0.91,0.95,0.91,0.92,992000.0
SILK,2023-01-26,0.92,0.95,0.89,0.9,1615500.0
SILK,2023-01-27,0.92,0.92,0.86,0.88,785500.0
SILK,2023-01-30,0.9,0.9,0.85,0.88,825000.0
SILK,2023-01-31,0.89,0.9,0.87,0.88,530000.0
SILK,2023-02-01,0.9,0.94,0.88,0.9,603500.0
SILK,2023-02-02,0.9,0.91,0.88,0.89,172000.0
SILK,2023-02-03,0.9,0.94,0.87,0.92,742500.0
SILK,2023-02-06,0.94,0.94,0.82,0.89,685000.0
SILK,2023-02-07,0.94,0.95,0.85,0.88,3293000.0
SILK,2023-02-08,0.9,0.93,0.88,0.9,1207000.0
SILK,2023-02-09,0.93,0.96,0.91,0.95,2113500.0
SILK,2023-02-10,0.94,0.94,0.89,0.92,2268500.0
SILK,2023-02-13,0.9,0.92,0.89,0.9,902500.0
SILK,2023-02-14,0.9,0.92,0.88,0.88,635500.0
SILK,2023-02-15,0.88,0.91,0.88,0.9,483500.0
SILK,2023-02-16,0.89,0.9,0.87,0.88,291500.0
SILK,2023-02-17,0.88,0.89,0.85,0.87,549000.0
SILK,2023-02-20,0.86,0.87,0.8,0.8,2475000.0
SILK,2023-02-21,0.8,0.86,0.8,0.85,530500.0
SILK,2023-02-22,0.86,0.94,0.85,0.87,2421500.0
SILK,2023-02-23,0.89,0.9,0.86,0.87,370000.0
SILK,2023-02-24,0.88,0.89,0.86,0.86,573500.0
SILK,2023-02-27,0.88,0.9,0.86,0.9,945000.0
SILK,2023-02-28,0.91,0.91,0.88,0.89,1709000.0
SILK,2023-03-01,0.88,0.9,0.81,0.87,775500.0
SILK,2023-03-02,0.89,0.92,0.88,0.89,465000.0
SILK,2023-03-03,0.9,0.96,0.9,0.94,1363000.0
SILK,2023-03-06,0.94,0.97,0.89,0.9,4853000.0
SILK,2023-03-07,0.91,0.92,0.89,0.89,494000.0
SILK,2023-03-08,0.9,0.99,0.9,0.98,3773000.0
SILK,2023-03-09,1.0,1.1,1.0,1.09,11210000.0
SILK,2023-03-10,1.09,1.11,0.97,0.99,5715000.0
SILK,2023-03-13,0.98,1.0,0.95,0.96,3696000.0
SILK,2023-03-14,0.97,0.97,0.92,0.93,1694500.0
SILK,2023-03-15,0.93,0.94,0.89,0.91,1625000.0
SILK,2023-03-16,0.92,0.96,0.89,0.9,3531000.0
SILK,2023-03-17,0.92,0.92,0.88,0.89,1988500.0
SILK,2023-03-20,0.91,0.92,0.85,0.86,4090000.0
SILK,2023-03-21,0.89,0.9,0.87,0.88,1113000.0
SILK,2023-03-22,0.9,0.9,0.87,0.87,374000.0
SILK,2023-03-24,0.95,0.95,0.85,0.87,627000.0
SILK,2023-03-27,0.9,0.9,0.85,0.88,679000.0
SILK,2023-03-28,0.89,0.89,0.84,0.85,715000.0
SILK,2023-03-29,0.87,0.88,0.85,0.86,664000.0
SILK,2023-03-30,0.86,0.88,0.82,0.86,1039000.0
SILK,2023-03-31,0.86,0.88,0.86,0.88,439500.0
SILK,2023-04-03,0.9,0.93,0.9,0.91,1043000.0
SILK,2023-04-04,0.91,0.95,0.91,0.93,807500.0
SILK,2023-04-05,0.95,1.06,0.95,1.03,11002000.0
SILK,2023-04-06,1.14,1.19,1.08,1.11,21288500.0
SILK,2023-04-07,1.17,1.17,1.01,1.03,10156000.0
SILK,2023-04-10,1.04,1.04,0.96,1.0,2366500.0
SILK,2023-04-11,1.01,1.01,0.96,0.98,921500.0
SILK,2023-04-12,0.99,1.07,0.96,1.05,2774500.0
SILK,2023-04-13,1.09,1.12,1.05,1.07,3865000.0
SILK,2023-04-17,1.07,1.1,0.99,1.0,2008500.0
SILK,2023-04-18,1.0,1.0,0.98,1.0,1006000.0
SILK,2023-04-19,1.07,1.13,1.06,1.1,6401500.0
SILK,2023-04-20,1.13,1.14,1.03,1.04,5102500.0
SILK,2023-04-26,1.05,1.07,1.0,1.01,2379500.0
SILK,2023-04-27,1.05,1.05,1.0,1.01,1216000.0
SILK,2023-04-28,1.05,1.27,1.03,1.12,21774500.0
SILK,2023-05-02,1.18,1.23,1.18,1.21,15573000.0
SILK,2023-05-03,1.25,1.26,1.2,1.22,5467000.0
SILK,2023-05-04,1.24,1.25,1.18,1.2,2772000.0
SILK,2023-05-05,1.19,1.19,1.12,1.14,2432000.0
SILK,2023-05-08,1.14,1.14,1.08,1.09,4367500.0
SILK,2023-05-09,1.09,1.1,1.01,1.02,4006000.0
SILK,2023-05-10,1.06,1.07,1.02,1.03,802000.0
SILK,2023-05-11,1.06,1.07,1.03,1.04,681000.0
SILK,2023-05-12,1.04,1.17,1.04,1.12,2089000.0
SILK,2023-05-15,1.1,1.18,1.1,1.14,2188500.0
SILK,2023-05-16,1.15,1.17,1.1,1.11,1330000.0
SILK,2023-05-17,1.14,1.15,1.09,1.11,1129000.0
SILK,2023-05-18,1.12,1.14,1.09,1.1,701500.0
SILK,2023-05-19,1.16,1.16,1.1,1.1,582000.0
SILK,2023-05-22,1.1,1.12,1.06,1.07,562500.0
SILK,2023-05-23,1.06,1.08,1.01,1.06,1565000.0
SILK,2023-05-24,1.08,1.1,1.05,1.08,1232500.0
SILK,2023-05-25,1.08,1.1,1.03,1.05,1309500.0
SILK,2023-05-26,1.06,1.07,1.03,1.03,1352500.0
PACE,2020-01-01,2.42,2.48,2.39,2.45,230000.0
PACE,2020-01-02,2.45,2.55,2.43,2.5,235500.0
PACE,2020-01-03,2.55,2.55,2.33,2.41,259500.0
PACE,2020-01-06,2.25,2.25,2.09,2.11,623500.0
PACE,2020-01-07,2.1,2.39,2.19,2.25,177500.0
PACE,2020-01-08,2.12,2.24,2.1,2.16,238000.0
PACE,2020-01-09,2.3,2.35,2.22,2.31,249500.0
PACE,2020-01-10,2.34,2.4,2.2,2.35,133000.0
PACE,2020-01-13,2.28,2.48,2.2,2.45,274500.0
PACE,2020-01-14,2.53,2.6,2.45,2.52,758000.0
PACE,2020-01-15,2.59,2.59,2.4,2.42,204500.0
PACE,2020-01-16,2.5,2.5,2.33,2.37,203500.0
PACE,2020-01-17,2.31,2.6,2.35,2.51,647500.0
PACE,2020-01-20,2.46,2.5,2.31,2.4,154000.0
PACE,2020-01-21,2.36,2.55,2.3,2.35,313500.0
PACE,2020-01-22,2.3,2.49,2.31,2.42,69000.0
PACE,2020-01-23,2.49,2.5,2.33,2.41,284500.0
PACE,2020-01-24,2.4,2.4,2.3,2.33,410500.0
PACE,2020-01-27,2.32,2.4,2.3,2.31,152500.0
PACE,2020-01-28,2.39,2.39,2.29,2.34,379000.0
PACE,2020-01-29,2.28,2.36,2.11,2.25,454000.0
PACE,2020-01-30,2.36,2.36,2.19,2.23,132000.0
PACE,2020-01-31,2.39,2.39,2.17,2.25,26000.0
PACE,2020-02-03,2.15,2.2,2.11,2.15,58000.0
PACE,2020-02-04,2.29,2.29,2.2,2.2,37000.0
PACE,2020-02-06,2.18,2.25,2.18,2.2,72500.0
PACE,2020-02-07,2.15,2.19,2.07,2.09,31500.0
PACE,2020-02-10,2.1,2.1,1.98,2.0,121000.0
PACE,2020-02-11,2.01,2.05,1.92,1.98,428500.0
PACE,2020-02-12,2.0,2.12,1.98,2.1,1152000.0
PACE,2020-02-13,2.1,2.1,2.01,2.05,90000.0
PACE,2020-02-14,2.07,2.1,2.0,2.04,254000.0
PACE,2020-02-17,2.01,2.1,1.95,2.04,217500.0
PACE,2020-02-18,2.01,2.04,1.98,1.99,123000.0
PACE,2020-02-19,2.0,2.05,1.99,2.02,309000.0
PACE,2020-02-20,2.06,2.06,1.99,2.02,17000.0
PACE,2020-02-21,2.0,2.04,2.0,2.04,63000.0
PACE,2020-02-24,1.97,2.02,1.91,1.94,237500.0
PACE,2020-02-25,1.96,2.0,1.9,1.92,95500.0
PACE,2020-02-26,1.89,1.96,1.85,1.85,193500.0
PACE,2020-02-27,1.6,1.79,1.6,1.75,282000.0
PACE,2020-02-28,1.65,1.99,1.65,1.75,57500.0
PACE,2020-03-02,1.98,1.98,1.71,1.82,215000.0
PACE,2020-03-03,1.88,1.88,1.79,1.84,82000.0
PACE,2020-03-04,2.38,2.38,1.87,1.9,178000.0
PACE,2020-03-05,2.0,2.03,1.88,2.02,272500.0
PACE,2020-03-06,1.9,2.22,1.85,1.89,155500.0
PACE,2020-03-09,1.7,1.97,1.65,1.73,218000.0
PACE,2020-03-10,1.8,1.9,1.75,1.81,67000.0
PACE,2020-03-11,1.66,1.85,1.66,1.76,75500.0
PACE,2020-03-12,1.72,2.0,1.56,1.75,44000.0
PACE,2020-03-13,1.6,1.7,1.4,1.67,209500.0
PACE,2020-03-16,1.62,1.62,1.5,1.53,143500.0
PACE,2020-03-17,1.5,1.65,1.43,1.46,162000.0
PACE,2020-03-18,1.4,1.5,1.16,1.18,763500.0
PACE,2020-03-19,1.05,1.35,1.05,1.34,312500.0
PACE,2020-03-20,1.44,1.44,1.22,1.24,498500.0
PACE,2020-03-24,1.29,1.29,1.15,1.16,28000.0
PACE,2020-03-25,1.28,1.4,1.2,1.26,14500.0
PACE,2020-03-26,1.11,1.35,1.11,1.19,186000.0
PACE,2020-03-27,1.16,1.44,1.16,1.35,62000.0
PACE,2020-03-30,1.22,1.47,1.22,1.33,44500.0
PACE,2020-03-31,1.3,1.46,1.3,1.4,84500.0
PACE,2020-04-01,1.4,1.53,1.37,1.48,87000.0
PACE,2020-04-02,1.32,1.62,1.31,1.58,361500.0
PACE,2020-04-03,1.77,1.98,1.63,1.66,612500.0
PACE,2020-04-06,1.88,1.89,1.55,1.64,1319000.0
PACE,2020-04-07,1.61,1.8,1.55,1.64,171000.0
PACE,2020-04-08,1.6,1.6,1.55,1.57,57000.0
PACE,2020-04-09,1.67,1.7,1.6,1.65,193500.0
PACE,2020-04-10,1.65,1.71,1.6,1.7,146500.0
PACE,2020-04-13,1.57,1.61,1.55,1.6,116000.0
PACE,2020-04-14,1.78,1.78,1.51,1.59,419500.0
PACE,2020-04-15,1.73,1.73,1.6,1.63,17500.0
PACE,2020-04-16,1.49,1.69,1.49,1.66,26000.0
PACE,2020-04-17,1.85,1.99,1.72,1.8,313000.0
PACE,2020-04-20,2.0,2.05,1.81,1.97,1003500.0
PACE,2020-04-21,1.91,1.91,1.82,1.84,479000.0
PACE,2020-04-22,1.84,1.95,1.84,1.93,153000.0
PACE,2020-04-23,1.95,2.1,1.9,2.07,411000.0
PACE,2020-04-24,2.09,2.1,1.96,1.97,130500.0
PACE,2020-04-27,1.85,2.03,1.85,1.94,300000.0
PACE,2020-04-28,1.9,1.91,1.83,1.88,66000.0
PACE,2020-04-29,1.95,1.96,1.87,1.88,115500.0
PACE,2020-04-30,1.97,1.99,1.93,1.95,138000.0
PACE,2020-05-04,1.95,2.15,1.86,2.1,1485500.0
PACE,2020-05-05,2.05,2.14,1.95,2.0,644500.0
PACE,2020-05-06,2.0,2.05,1.98,2.01,94000.0
PACE,2020-05-07,2.03,2.05,1.97,2.0,487000.0
PACE,2020-05-08,2.09,2.09,1.99,2.0,81000.0
PACE,2020-05-11,2.07,2.14,2.05,2.11,272000.0
PACE,2020-05-12,2.05,2.16,1.95,2.0,585500.0
PACE,2020-05-13,2.02,2.14,2.01,2.04,138000.0
PACE,2020-05-14,2.09,2.32,1.99,2.28,2889500.0
PACE,2020-05-15,2.33,2.38,2.28,2.3,1343500.0
PACE,2020-05-18,2.4,2.42,2.25,2.34,2140500.0
PACE,2020-05-19,2.32,2.4,2.1,2.13,777000.0
PACE,2020-05-20,2.18,2.18,2.04,2.08,551000.0
PACE,2020-05-21,2.06,2.1,2.05,2.08,300000.0
PACE,2020-05-28,2.1,2.11,2.02,2.09,261500.0
PACE,2020-05-29,2.17,2.17,2.08,2.1,509000.0
PACE,2020-06-01,2.09,2.16,2.07,2.12,493000.0
PACE,2020-06-02,2.2,2.26,2.15,2.19,320500.0
PACE,2020-06-03,2.24,2.24,2.1,2.11,163500.0
PACE,2020-06-04,2.24,2.24,2.11,2.12,118500.0
PACE,2020-06-05,2.12,2.2,2.1,2.12,44500.0
PACE,2020-06-08,2.12,2.16,2.1,2.15,356500.0
PACE,2020-06-09,2.16,2.24,2.12,2.2,631000.0
PACE,2020-06-10,2.2,2.25,2.18,2.23,788500.0
PACE,2020-06-11,2.26,2.44,2.25,2.35,2955000.0
PACE,2020-06-12,2.34,2.34,2.2,2.26,1113500.0
PACE,2020-06-15,2.28,2.28,2.13,2.14,763000.0
PACE,2020-06-16,2.29,2.53,2.15,2.42,2917500.0
PACE,2020-06-17,2.48,2.56,2.21,2.24,1790500.0
PACE,2020-06-18,2.25,2.54,2.22,2.31,1382500.0
PACE,2020-06-19,2.37,2.4,2.16,2.17,1235500.0
PACE,2020-06-22,2.16,2.2,2.08,2.15,586500.0
PACE,2020-06-23,2.17,2.3,2.17,2.28,247000.0
PACE,2020-06-24,2.27,2.27,2.16,2.2,444500.0
PACE,2020-06-25,2.2,2.4,2.17,2.21,1032500.0
PACE,2020-06-26,2.33,2.33,2.12,2.13,324000.0
PACE,2020-06-29,2.12,2.18,2.04,2.06,757500.0
PACE,2020-06-30,2.13,2.18,2.07,2.11,234500.0
PACE,2020-07-01,2.13,2.15,2.1,2.11,429500.0
PACE,2020-07-02,2.1,2.22,2.1,2.15,466500.0
PACE,2020-07-03,2.19,2.2,2.13,2.13,161000.0
PACE,2020-07-06,2.09,2.21,2.09,2.18,106000.0
PACE,2020-07-07,2.15,2.22,2.13,2.16,126000.0
PACE,2020-07-08,2.16,2.28,2.16,2.24,425000.0
PACE,2020-07-09,2.24,2.37,2.21,2.31,1220500.0
PACE,2020-07-10,2.35,2.4,2.23,2.3,1067000.0
PACE,2020-07-13,2.35,2.45,2.3,2.31,1102500.0
PACE,2020-07-14,2.27,2.38,2.25,2.35,1467000.0
PACE,2020-07-15,2.3,2.36,2.29,2.32,141000.0
PACE,2020-07-16,2.35,2.54,2.34,2.49,3721500.0
PACE,2020-07-17,2.52,2.78,2.52,2.63,7061000.0
PACE,2020-07-20,2.58,2.75,2.58,2.7,2951000.0
PACE,2020-07-21,2.68,2.82,2.6,2.63,1090500.0
PACE,2020-07-22,2.6,2.66,2.51,2.53,1443000.0
PACE,2020-07-23,2.52,2.55,2.38,2.41,527500.0
PACE,2020-07-24,2.35,2.49,2.29,2.36,779000.0
PACE,2020-07-27,2.25,2.36,2.25,2.3,274500.0
PACE,2020-07-28,2.3,2.4,2.26,2.38,569500.0
PACE,2020-07-29,2.35,2.52,2.35,2.42,966000.0
PACE,2020-07-30,2.42,2.55,2.42,2.45,505000.0
PACE,2020-08-03,2.5,2.6,2.45,2.55,1216000.0
PACE,2020-08-04,2.61,2.64,2.48,2.48,481000.0
PACE,2020-08-05,2.55,2.55,2.48,2.49,211500.0
PACE,2020-08-06,2.46,2.79,2.46,2.64,3892000.0
PACE,2020-08-07,2.75,2.85,2.7,2.76,3904500.0
PACE,2020-08-10,2.8,2.92,2.75,2.76,2189500.0
PACE,2020-08-11,2.75,2.82,2.7,2.73,1186500.0
PACE,2020-08-12,2.66,2.7,2.58,2.59,690500.0
PACE,2020-08-13,2.61,2.94,2.6,2.84,3968000.0
PACE,2020-08-17,2.95,2.95,2.79,2.82,1712000.0
PACE,2020-08-18,2.89,2.9,2.75,2.79,1552000.0
PACE,2020-08-19,2.73,2.85,2.72,2.75,255000.0
PACE,2020-08-20,2.71,3.09,2.7,2.97,7179500.0
PACE,2020-08-21,3.0,3.25,3.0,3.2,9154500.0
PACE,2020-08-24,3.29,3.88,3.29,3.53,23457000.0
PACE,2020-08-25,3.59,3.68,3.25,3.3,6838000.0
PACE,2020-08-26,3.37,3.45,3.16,3.26,2622500.0
PACE,2020-08-27,3.34,3.88,3.3,3.68,13474000.0
PACE,2020-08-28,3.74,3.77,3.56,3.58,1230500.0
PACE,2020-08-31,3.67,3.7,3.46,3.52,2485000.0
PACE,2020-09-01,3.53,3.63,3.45,3.6,1087000.0
PACE,2020-09-02,3.65,3.8,3.62,3.64,3754000.0
PACE,2020-09-03,3.8,3.84,3.57,3.64,4099000.0
PACE,2020-09-04,3.8,3.8,3.5,3.52,3428500.0
PACE,2020-09-07,3.69,3.7,3.51,3.55,1841000.0
PACE,2020-09-08,3.67,3.68,3.38,3.4,2201000.0
PACE,2020-09-09,3.35,3.59,3.33,3.42,2168500.0
PACE,2020-09-10,3.46,3.64,3.46,3.55,2133500.0
PACE,2020-09-11,3.65,4.14,3.55,3.86,16885500.0
PACE,2020-09-14,3.98,4.26,3.98,4.07,6633000.0
PACE,2020-09-15,4.11,4.11,3.9,3.91,2966500.0
PACE,2020-09-16,3.95,3.95,3.82,3.91,450500.0
PACE,2020-09-17,3.91,3.98,3.81,3.86,542000.0
PACE,2020-09-18,3.8,3.85,3.75,3.81,623500.0
PACE,2020-09-21,3.75,3.77,3.65,3.66,505500.0
PACE,2020-09-22,3.61,3.61,3.47,3.5,1006500.0
PACE,2020-09-23,3.55,3.71,3.5,3.59,766000.0
PACE,2020-09-24,3.6,3.66,3.45,3.5,572000.0
PACE,2020-09-25,3.46,3.6,3.45,3.47,387500.0
PACE,2020-09-28,3.47,3.47,3.15,3.24,431000.0
PACE,2020-09-29,3.44,3.5,3.12,3.44,1424000.0
PACE,2020-09-30,3.6,3.64,3.33,3.39,486500.0
PACE,2020-10-01,3.27,3.47,3.2,3.26,499000.0
PACE,2020-10-02,3.16,3.35,3.1,3.17,231500.0
PACE,2020-10-05,3.2,3.2,2.76,2.9,959500.0
PACE,2020-10-06,2.8,2.96,2.64,2.88,1117000.0
PACE,2020-10-07,2.99,3.3,2.99,3.22,815000.0
PACE,2020-10-08,3.3,3.35,2.99,3.16,886000.0
PACE,2020-10-09,3.2,3.3,3.05,3.1,261000.0
PACE,2020-10-12,3.1,3.2,2.9,2.92,707500.0
PACE,2020-10-13,2.92,3.0,2.77,2.86,780000.0
PACE,2020-10-14,2.83,3.09,2.83,2.99,430500.0
PACE,2020-10-15,3.05,3.09,3.0,3.03,262500.0
PACE,2020-10-16,3.0,3.06,2.9,3.04,275000.0
PACE,2020-10-19,3.08,3.38,3.05,3.25,1215000.0
PACE,2020-10-20,3.39,3.5,3.26,3.3,2084000.0
PACE,2020-10-21,3.4,3.49,3.26,3.27,1239500.0
PACE,2020-10-22,3.33,3.35,3.2,3.21,443500.0
PACE,2020-10-23,3.2,3.34,3.2,3.33,745000.0
PACE,2020-10-26,3.3,3.44,3.3,3.37,528000.0
PACE,2020-10-27,3.48,3.48,3.34,3.35,598000.0
PACE,2020-10-28,3.4,3.45,3.3,3.31,404000.0
PACE,2020-10-29,3.22,3.34,3.0,3.09,1095500.0
PACE,2020-11-02,3.0,3.15,2.9,2.97,272000.0
PACE,2020-11-03,3.0,3.12,3.0,3.09,472500.0
PACE,2020-11-04,3.15,3.15,2.91,2.94,3632000.0
PACE,2020-11-05,2.93,3.04,2.9,2.92,825000.0
PACE,2020-11-06,2.9,3.15,2.85,3.0,648500.0
PACE,2020-11-09,2.98,3.1,2.98,3.02,229000.0
PACE,2020-11-10,3.05,3.08,3.03,3.05,218000.0
PACE,2020-11-11,3.1,3.1,3.0,3.09,435000.0
PACE,2020-11-12,3.13,3.13,2.98,2.99,501000.0
PACE,2020-11-13,2.9,3.02,2.9,2.99,250000.0
PACE,2020-11-16,2.95,3.0,2.92,2.96,138500.0
PACE,2020-11-17,3.04,3.04,2.97,3.0,431500.0
PACE,2020-11-18,3.03,3.03,2.95,2.97,329500.0
PACE,2020-11-19,2.96,3.02,2.95,2.96,611500.0
PACE,2020-11-20,3.0,3.05,2.97,2.98,1003500.0
PACE,2020-11-23,2.98,2.98,2.76,2.84,352000.0
PACE,2020-11-24,2.8,2.87,2.8,2.82,262500.0
PACE,2020-11-25,2.92,2.94,2.83,2.85,280500.0
PACE,2020-11-26,2.84,2.98,2.7,2.81,598500.0
PACE,2020-11-27,2.9,2.99,2.7,2.91,879000.0
PACE,2020-11-30,2.76,2.99,2.76,2.86,385000.0
PACE,2020-12-01,2.99,3.1,2.88,3.09,1392000.0
PACE,2020-12-02,3.01,3.1,3.0,3.09,199000.0
PACE,2020-12-03,3.15,3.15,3.0,3.0,664500.0
PACE,2020-12-04,3.09,3.09,2.92,3.0,227000.0
PACE,2020-12-07,2.9,3.04,2.85,2.89,364500.0
PACE,2020-12-08,2.86,2.95,2.81,2.86,333500.0
PACE,2020-12-09,2.95,3.0,2.92,2.96,333000.0
PACE,2020-12-10,3.0,3.0,2.88,2.98,147500.0
PACE,2020-12-11,2.98,3.0,2.9,2.9,459000.0
PACE,2020-12-14,2.9,2.97,2.84,2.89,258500.0
PACE,2020-12-15,2.86,2.95,2.81,2.9,601500.0
PACE,2020-12-16,2.9,2.91,2.86,2.9,32000.0
PACE,2020-12-17,2.83,2.94,2.83,2.87,289000.0
PACE,2020-12-18,2.86,2.95,2.85,2.89,488000.0
PACE,2020-12-21,2.88,2.98,2.88,2.95,648500.0
PACE,2020-12-22,2.99,3.0,2.83,2.87,526000.0
PACE,2020-12-23,2.95,2.96,2.75,2.86,1060000.0
PACE,2020-12-24,3.62,3.69,3.43,3.48,11277500.0
PACE,2020-12-28,3.5,3.63,3.3,3.35,2070000.0
PACE,2020-12-29,3.44,3.45,3.17,3.23,1620500.0
PACE,2020-12-30,3.26,3.33,3.2,3.25,623500.0
PACE,2020-12-31,3.3,3.84,3.26,3.65,5855500.0
PACE,2021-01-01,3.75,3.85,3.6,3.61,2117000.0
PACE,2021-01-04,3.65,3.79,3.5,3.65,1715500.0
PACE,2021-01-05,3.62,3.82,3.55,3.75,2344000.0
PACE,2021-01-06,3.83,3.84,3.72,3.82,1515500.0
PACE,2021-01-07,3.88,3.88,3.6,3.63,1899000.0
PACE,2021-01-08,3.79,3.79,3.55,3.6,966500.0
PACE,2021-01-11,3.7,3.86,3.62,3.82,5432000.0
PACE,2021-01-12,3.9,4.16,3.9,4.14,17945000.0
PACE,2021-01-13,4.25,4.25,4.01,4.08,7800000.0
PACE,2021-01-14,4.08,4.08,3.88,3.91,2824000.0
PACE,2021-01-15,3.94,4.25,3.94,4.02,3512500.0
PACE,2021-01-18,4.17,4.17,4.0,4.02,1131000.0
PACE,2021-01-19,4.16,4.25,4.05,4.17,2241000.0
PACE,2021-01-20,4.25,4.25,4.07,4.1,576000.0
PACE,2021-01-21,4.1,4.22,4.01,4.11,1747500.0
PACE,2021-01-22,4.19,4.19,4.07,4.08,1353500.0
PACE,2021-01-25,4.15,4.15,4.0,4.13,1908000.0
PACE,2021-01-26,4.21,4.21,4.1,4.12,749000.0
PACE,2021-01-27,4.15,4.15,4.0,4.0,1720500.0
PACE,2021-01-28,4.1,4.1,4.0,4.04,1578000.0
PACE,2021-01-29,4.1,4.15,4.0,4.02,1584000.0
PACE,2021-02-01,4.03,4.13,3.97,4.0,2501000.0
PACE,2021-02-02,4.0,4.06,3.88,3.91,1259000.0
PACE,2021-02-03,4.0,4.1,3.9,3.93,1610500.0
PACE,2021-02-04,4.05,4.16,3.97,4.01,5637500.0
PACE,2021-02-08,4.0,4.22,3.9,4.17,4289000.0
PACE,2021-02-09,4.2,5.01,4.19,4.7,22991000.0
PACE,2021-02-10,4.7,4.89,4.52,4.64,9309000.0
PACE,2021-02-11,4.8,5.14,4.57,4.65,14598500.0
PACE,2021-02-12,4.64,4.7,4.32,4.45,3365000.0
PACE,2021-02-15,4.49,4.57,4.26,4.4,2336500.0
PACE,2021-02-16,4.62,4.65,4.5,4.54,2489500.0
PACE,2021-02-17,4.69,4.85,4.61,4.62,3414000.0
PACE,2021-02-18,4.62,4.65,4.46,4.49,1534000.0
PACE,2021-02-19,4.43,4.58,4.41,4.46,1544500.0
PACE,2021-02-22,4.41,4.9,4.41,4.83,5496000.0
PACE,2021-02-23,4.8,5.28,4.8,4.82,10063000.0
PACE,2021-02-24,4.76,4.88,4.35,4.51,4354500.0
PACE,2021-02-25,4.7,4.7,4.35,4.54,1237000.0
PACE,2021-02-26,4.75,4.75,4.5,4.6,1828000.0
PACE,2021-03-01,4.61,4.61,4.3,4.41,1374500.0
PACE,2021-03-02,4.5,4.56,4.31,4.48,1274500.0
PACE,2021-03-03,4.45,4.59,4.45,4.53,894500.0
PACE,2021-03-04,4.16,4.39,4.0,4.23,1121500.0
PACE,2021-03-05,4.3,4.4,4.15,4.31,714000.0
PACE,2021-03-08,4.45,4.5,4.25,4.27,564500.0
PACE,2021-03-09,4.4,4.4,3.75,3.91,1168500.0
PACE,2021-03-10,4.01,4.02,3.66,3.73,1484500.0
PACE,2021-03-11,3.89,3.89,3.1,3.23,1920000.0
PACE,2021-03-12,3.25,3.49,3.2,3.38,2724500.0
PACE,2021-03-15,3.55,3.84,3.47,3.78,1997500.0
PACE,2021-03-16,3.88,4.05,3.78,3.93,3385000.0
PACE,2021-03-17,4.0,4.1,3.97,4.0,1730500.0
PACE,2021-03-18,3.94,3.99,3.7,3.74,965500.0
PACE,2021-03-19,3.76,4.04,3.7,4.0,937500.0
PACE,2021-03-22,3.85,3.99,3.8,3.84,910500.0
PACE,2021-03-24,3.85,3.95,3.8,3.89,361500.0
PACE,2021-03-25,3.98,4.08,3.95,3.97,765000.0
PACE,2021-03-26,3.95,3.96,3.88,3.92,402500.0
PACE,2021-03-29,3.9,3.92,3.4,3.54,1051500.0
PACE,2021-03-30,3.6,3.8,3.6,3.67,468000.0
PACE,2021-03-31,3.74,3.9,3.7,3.7,668500.0
PACE,2021-04-01,3.7,3.8,3.57,3.59,554000.0
PACE,2021-04-02,3.59,3.59,3.36,3.43,612000.0
PACE,2021-04-05,3.48,3.55,3.35,3.36,352000.0
PACE,2021-04-06,3.4,3.6,3.4,3.59,453000.0
PACE,2021-04-07,3.6,3.63,3.5,3.53,763500.0
PACE,2021-04-08,3.6,4.11,3.6,3.91,3502500.0
PACE,2021-04-09,3.89,4.06,3.89,4.03,867000.0
PACE,2021-04-12,4.03,4.17,3.9,4.02,1712500.0
PACE,2021-04-13,3.96,4.08,3.96,4.0,666000.0
PACE,2021-04-14,4.16,4.2,4.06,4.1,837500.0
PACE,2021-04-15,4.07,4.2,4.07,4.1,1104000.0
PACE,2021-04-16,4.14,4.14,4.05,4.05,219500.0
PACE,2021-04-19,4.0,4.05,3.83,3.92,745000.0
PACE,2021-04-20,4.0,4.15,4.0,4.06,453000.0
PACE,2021-04-21,4.16,4.2,4.02,4.04,590500.0
PACE,2021-04-22,4.05,4.12,3.92,3.95,415000.0
PACE,2021-04-23,3.8,3.98,3.75,3.9,379500.0
PACE,2021-04-26,3.86,3.95,3.82,3.84,776000.0
PACE,2021-04-27,3.85,4.4,3.8,4.17,4912500.0
PACE,2021-04-28,4.2,4.29,3.92,4.0,2791000.0
PACE,2021-04-29,4.0,4.1,3.95,4.02,975000.0
PACE,2021-04-30,4.02,4.02,3.85,3.88,225500.0
PACE,2021-05-03,3.85,3.85,3.31,3.66,276000.0
PACE,2021-05-04,3.67,3.87,3.61,3.83,526500.0
PACE,2021-05-05,3.89,3.94,3.79,3.8,330000.0
PACE,2021-05-06,3.85,3.9,3.78,3.85,552000.0
PACE,2021-05-17,3.86,4.03,3.86,4.01,1240500.0
PACE,2021-05-18,3.98,4.12,3.98,4.1,683500.0
PACE,2021-05-19,4.05,4.08,3.9,3.91,1341500.0
PACE,2021-05-20,4.1,4.43,4.0,4.3,6502000.0
PACE,2021-05-21,4.22,4.42,4.2,4.21,1631000.0
PACE,2021-05-24,4.29,4.95,4.29,4.56,15074500.0
PACE,2021-05-25,4.61,4.78,4.54,4.71,4586500.0
PACE,2021-05-26,4.7,5.38,4.63,5.26,19619000.0
PACE,2021-05-27,5.4,5.5,4.75,4.83,11271000.0
PACE,2021-05-28,4.89,5.1,4.82,4.88,3505000.0
PACE,2021-05-31,4.95,5.28,4.9,5.15,6207000.0
PACE,2021-06-01,5.44,5.57,5.2,5.27,13711500.0
PACE,2021-06-02,5.2,5.27,5.06,5.12,3532000.0
PACE,2021-06-03,5.19,5.2,5.02,5.05,2460500.0
PACE,2021-06-04,5.1,5.4,5.04,5.2,5315000.0
PACE,2021-06-07,5.25,5.5,5.21,5.42,8581500.0
PACE,2021-06-08,5.55,5.9,5.5,5.57,27979000.0
PACE,2021-06-09,5.65,5.72,5.32,5.38,6276500.0
PACE,2021-06-10,5.45,6.35,5.41,6.23,34539000.0
PACE,2021-06-11,6.25,6.7,6.1,6.37,34589000.0
PACE,2021-06-14,6.58,6.64,6.11,6.16,8959500.0
PACE,2021-06-15,6.23,6.45,5.95,6.25,9720000.0
PACE,2021-06-16,6.33,6.34,6.11,6.26,5529500.0
PACE,2021-06-17,6.22,6.54,6.07,6.21,15616500.0
PACE,2021-06-18,6.33,6.4,6.15,6.21,4114000.0
PACE,2021-06-21,6.25,6.28,5.86,5.9,6307500.0
PACE,2021-06-22,5.9,5.9,5.59,5.62,3155500.0
PACE,2021-06-23,5.6,5.93,5.6,5.85,4583000.0
PACE,2021-06-24,5.93,6.85,5.93,6.85,35667000.0
PACE,2021-06-25,7.15,7.65,6.84,6.96,45159000.0
PACE,2021-06-28,7.0,7.09,6.0,6.24,12136000.0
PACE,2021-06-29,6.22,7.24,6.07,7.06,16410500.0
PACE,2021-06-30,7.6,7.68,7.15,7.22,25988500.0
PACE,2021-07-01,7.2,7.99,7.15,7.64,29896000.0
PACE,2021-07-02,7.7,8.19,7.56,7.65,21687500.0
PACE,2021-07-05,7.65,7.82,7.3,7.59,10515500.0
PACE,2021-07-06,7.63,7.97,7.2,7.27,13515000.0
PACE,2021-07-07,7.25,7.39,7.1,7.16,4128500.0
PACE,2021-07-08,7.28,7.75,7.2,7.57,12243500.0
PACE,2021-07-09,7.65,8.17,7.42,7.88,27113500.0
PACE,2021-07-12,7.97,7.97,7.5,7.62,6029000.0
PACE,2021-07-13,7.65,7.93,7.54,7.59,4970500.0
PACE,2021-07-14,7.61,7.7,7.32,7.36,3227500.0
PACE,2021-07-15,7.48,7.88,7.36,7.61,8265000.0
PACE,2021-07-16,7.7,7.95,7.56,7.74,6863000.0
PACE,2021-07-19,7.89,8.03,7.72,7.77,7109500.0
PACE,2021-07-23,7.94,8.44,7.77,8.14,22591000.0
PACE,2021-07-26,8.29,8.35,8.0,8.03,7423000.0
PACE,2021-07-27,8.0,8.1,7.65,7.67,4476500.0
PACE,2021-07-28,7.8,7.88,7.35,7.41,5038000.0
PACE,2021-07-29,7.5,7.5,7.09,7.2,4605000.0
PACE,2021-07-30,7.3,7.5,7.05,7.16,4310000.0
PACE,2021-08-02,7.15,7.35,7.1,7.16,3084500.0
PACE,2021-08-03,7.18,7.69,7.17,7.42,8944500.0
PACE,2021-08-04,7.49,8.05,7.49,7.8,20237000.0
PACE,2021-08-05,7.78,7.95,7.51,7.6,2869000.0
PACE,2021-08-06,7.55,7.8,7.35,7.42,1979500.0
PACE,2021-08-09,7.55,7.77,7.1,7.16,2518000.0
PACE,2021-08-10,7.34,7.34,7.01,7.15,2222500.0
PACE,2021-08-11,7.3,7.55,7.15,7.34,4283000.0
PACE,2021-08-12,7.37,7.37,7.14,7.17,1187000.0
PACE,2021-08-13,7.28,7.28,7.1,7.12,859000.0
PACE,2021-08-16,7.07,7.2,6.85,6.91,1083500.0
PACE,2021-08-17,7.0,7.17,7.0,7.07,530500.0
PACE,2021-08-20,7.18,7.19,7.01,7.06,1418500.0
PACE,2021-08-23,7.18,7.41,7.06,7.26,2939500.0
PACE,2021-08-24,7.2,7.55,7.1,7.25,5690500.0
PACE,2021-08-25,7.3,7.39,7.16,7.18,1199500.0
PACE,2021-08-26,7.28,7.27,6.88,6.97,2525500.0
PACE,2021-08-27,7.0,7.0,6.72,6.75,2362500.0
PACE,2021-08-30,6.82,6.98,6.76,6.82,1832500.0
PACE,2021-08-31,6.95,7.06,6.85,6.87,2432500.0
PACE,2021-09-01,6.86,7.0,6.6,6.85,1792500.0
PACE,2021-09-02,6.94,6.94,6.7,6.73,1589500.0
PACE,2021-09-03,6.75,6.89,6.63,6.65,1539000.0
PACE,2021-09-06,6.67,7.15,6.67,6.93,5911000.0
PACE,2021-09-07,7.04,7.04,6.69,6.72,4786500.0
PACE,2021-09-08,6.75,6.8,6.65,6.73,1712500.0
PACE,2021-09-09,6.83,6.83,6.62,6.63,2313500.0
PACE,2021-09-10,6.64,6.7,6.3,6.42,1557500.0
PACE,2021-09-13,6.49,6.6,6.35,6.36,1414500.0
PACE,2021-09-14,6.52,6.52,5.93,6.42,3477500.0
PACE,2021-09-15,6.37,6.39,6.1,6.13,755500.0
PACE,2021-09-16,6.09,6.15,5.93,5.98,1840500.0
PACE,2021-09-17,6.09,6.2,5.95,5.98,2468000.0
PACE,2021-09-20,6.04,6.18,5.82,5.87,805000.0
PACE,2021-09-21,5.98,5.99,5.57,5.71,1690000.0
PACE,2021-09-22,5.67,5.71,4.85,5.17,3454500.0
PACE,2021-09-23,5.17,5.34,4.55,4.73,7469500.0
PACE,2021-09-24,4.85,5.13,4.6,4.87,2520000.0
PACE,2021-09-27,4.93,4.94,4.14,4.49,1276500.0
PACE,2021-09-28,4.74,5.04,4.52,4.96,2477500.0
PACE,2021-09-29,5.15,5.25,4.65,4.75,2044500.0
PACE,2021-09-30,4.65,4.94,4.55,4.91,602000.0
PACE,2021-10-01,4.9,4.98,4.75,4.8,667500.0
PACE,2021-10-04,4.7,4.94,4.65,4.9,1724500.0
PACE,2021-10-05,4.91,5.34,4.91,5.01,3692500.0
PACE,2021-10-06,5.01,5.09,4.8,4.82,704500.0
PACE,2021-10-07,4.9,4.96,4.76,4.8,793000.0
PACE,2021-10-08,4.8,4.9,4.6,4.65,583500.0
PACE,2021-10-11,4.62,4.74,4.2,4.27,1131000.0
PACE,2021-10-12,4.3,4.37,4.0,4.19,1149500.0
PACE,2021-10-13,4.33,4.68,4.03,4.12,2534000.0
PACE,2021-10-14,4.27,4.7,4.05,4.53,3284500.0
PACE,2021-10-15,4.6,4.7,4.3,4.38,1766500.0
PACE,2021-10-18,4.26,4.44,4.11,4.2,1675000.0
PACE,2021-10-20,4.12,4.4,4.12,4.36,1413000.0
PACE,2021-10-21,4.44,4.44,4.14,4.17,1629000.0
PACE,2021-10-22,4.3,4.3,4.06,4.14,720000.0
PACE,2021-10-25,4.2,4.2,4.06,4.1,283500.0
PACE,2021-10-26,4.1,4.16,4.07,4.12,260500.0
PACE,2021-10-27,4.1,4.3,4.1,4.15,933500.0
PACE,2021-10-28,4.15,4.28,4.11,4.22,699000.0
PACE,2021-10-29,4.18,4.23,4.05,4.1,1038500.0
PACE,2021-11-01,4.18,4.42,4.13,4.35,1693000.0
PACE,2021-11-02,4.43,4.55,4.29,4.4,2196000.0
PACE,2021-11-03,4.4,4.65,4.3,4.5,2034000.0
PACE,2021-11-04,4.5,5.5,4.5,5.5,15602500.0
PACE,2021-11-05,5.74,6.15,5.4,5.72,13003500.0
PACE,2021-11-08,5.7,6.02,5.54,5.64,3642500.0
PACE,2021-11-09,5.69,5.64,5.14,5.24,3728000.0
PACE,2021-11-10,5.24,5.4,4.98,5.21,1073500.0
PACE,2021-11-11,5.16,5.25,4.85,4.92,1638500.0
PACE,2021-11-12,4.99,4.99,4.65,4.71,1852000.0
PACE,2021-11-15,4.71,5.34,4.65,5.09,3351500.0
PACE,2021-11-16,5.1,5.29,5.0,5.15,1074000.0
PACE,2021-11-17,5.06,5.15,4.9,4.98,1195000.0
PACE,2021-11-18,5.09,5.09,4.79,4.87,770500.0
PACE,2021-11-19,5.0,5.0,4.75,4.8,889500.0
PACE,2021-11-22,4.8,4.8,4.57,4.61,680000.0
PACE,2021-11-23,4.74,4.74,4.46,4.5,716500.0
PACE,2021-11-24,4.4,4.54,4.2,4.24,1421500.0
PACE,2021-11-25,4.24,4.35,4.21,4.25,1329000.0
PACE,2021-11-26,4.3,4.4,4.1,4.21,1059500.0
PACE,2021-11-29,4.2,4.33,4.1,4.29,667000.0
PACE,2021-11-30,4.38,4.78,4.35,4.65,4180000.0
PACE,2021-12-01,4.78,4.93,4.66,4.73,1655000.0
PACE,2021-12-02,4.83,4.83,4.04,4.14,3812000.0
PACE,2021-12-03,4.17,4.28,3.9,4.04,1968000.0
PACE,2021-12-06,4.25,4.25,3.97,3.99,1221000.0
PACE,2021-12-07,4.0,4.26,3.97,4.18,1001000.0
PACE,2021-12-08,4.12,4.29,3.98,4.03,2262000.0
PACE,2021-12-09,4.02,4.04,3.88,3.9,1692500.0
PACE,2021-12-10,3.8,3.9,3.7,3.71,933500.0
PACE,2021-12-13,3.68,3.7,3.26,3.33,696000.0
PACE,2021-12-14,3.33,3.55,3.1,3.48,3298500.0
PACE,2021-12-15,3.81,4.1,3.6,3.98,4196000.0
PACE,2021-12-16,4.0,4.0,3.73,3.78,1459000.0
PACE,2021-12-17,3.94,3.95,3.4,3.81,1665500.0
PACE,2021-12-20,3.91,4.08,3.81,3.88,1188500.0
PACE,2021-12-21,3.96,4.05,3.82,3.84,896000.0
PACE,2021-12-22,3.82,3.9,3.74,3.76,516500.0
PACE,2021-12-23,3.82,4.03,3.8,3.91,2477500.0
PACE,2021-12-24,3.94,4.07,3.9,3.92,1787000.0
PACE,2021-12-27,3.91,3.92,3.8,3.89,436000.0
PACE,2021-12-28,3.9,3.92,3.82,3.86,518000.0
PACE,2021-12-29,3.98,3.98,3.75,3.81,1090500.0
PACE,2021-12-30,3.85,3.91,3.85,3.85,674000.0
PACE,2021-12-31,3.87,3.95,3.83,3.84,1099000.0
PACE,2022-01-03,3.86,3.88,3.81,3.85,417000.0
PACE,2022-01-04,3.9,4.22,3.88,4.12,4848000.0
PACE,2022-01-05,4.11,4.34,4.06,4.29,4772000.0
PACE,2022-01-06,4.2,4.39,4.11,4.32,3309000.0
PACE,2022-01-07,4.4,4.7,4.3,4.48,7945500.0
PACE,2022-01-10,4.4,4.67,4.32,4.45,3783500.0
PACE,2022-01-11,4.5,4.7,4.41,4.54,5434500.0
PACE,2022-01-12,4.57,4.88,4.57,4.67,7291500.0
PACE,2022-01-13,4.6,4.84,4.6,4.72,5064000.0
PACE,2022-01-14,4.74,4.87,4.57,4.62,4667000.0
PACE,2022-01-17,4.68,4.68,4.25,4.32,1603000.0
PACE,2022-01-18,4.45,4.45,4.3,4.31,878000.0
PACE,2022-01-19,4.39,4.39,3.95,4.0,1824500.0
PACE,2022-01-20,4.02,4.19,3.86,4.12,949500.0
PACE,2022-01-21,4.3,4.3,4.1,4.16,506500.0
PACE,2022-01-24,4.24,4.24,3.97,4.11,730000.0
PACE,2022-01-25,4.2,4.2,3.98,4.01,684000.0
PACE,2022-01-26,4.03,4.12,3.97,3.99,866000.0
PACE,2022-01-27,4.07,4.2,4.02,4.05,552000.0
PACE,2022-01-28,3.96,4.13,3.96,4.09,803500.0
PACE,2022-01-31,4.08,4.2,4.08,4.19,632500.0
PACE,2022-02-01,4.18,4.34,4.18,4.21,692500.0
PACE,2022-02-02,4.16,4.31,4.15,4.22,1376500.0
PACE,2022-02-03,4.32,4.35,4.16,4.17,772500.0
PACE,2022-02-04,4.22,4.22,4.1,4.13,313500.0
PACE,2022-02-07,4.08,4.16,3.98,3.99,1500000.0
PACE,2022-02-08,4.02,4.05,3.99,4.01,1192000.0
PACE,2022-02-09,4.01,4.2,4.01,4.1,1859500.0
PACE,2022-02-10,4.12,4.17,3.99,4.0,1657000.0
PACE,2022-02-11,4.01,4.09,4.0,4.01,882000.0
PACE,2022-02-14,4.02,4.05,3.89,3.94,1065000.0
PACE,2022-02-15,3.94,4.06,3.94,4.01,1245000.0
PACE,2022-02-16,4.09,4.09,3.96,3.99,322000.0
PACE,2022-02-17,4.0,4.0,3.93,3.95,517000.0
PACE,2022-02-18,3.94,3.95,3.86,3.9,293500.0
PACE,2022-02-21,3.9,3.97,3.8,3.93,701000.0
PACE,2022-02-22,3.81,3.9,3.68,3.77,1059500.0
PACE,2022-02-23,3.76,3.95,3.74,3.92,349500.0
PACE,2022-02-24,3.7,3.78,3.4,3.49,2497000.0
PACE,2022-02-25,3.55,3.75,3.46,3.57,1443500.0
PACE,2022-02-28,3.51,3.77,3.4,3.68,1045000.0
PACE,2022-03-01,3.87,3.9,3.62,3.81,1176000.0
PACE,2022-03-02,3.69,3.85,3.63,3.74,597000.0
PACE,2022-03-03,3.75,3.86,3.7,3.73,268500.0
PACE,2022-03-04,3.66,3.8,3.66,3.7,374000.0
PACE,2022-03-07,3.6,3.7,3.44,3.56,491000.0
PACE,2022-03-08,3.65,3.75,3.42,3.49,214500.0
PACE,2022-03-09,3.46,3.63,3.4,3.42,439500.0
PACE,2022-03-10,3.65,3.73,3.5,3.54,748500.0
PACE,2022-03-11,3.52,3.62,3.31,3.43,420500.0
PACE,2022-03-14,3.37,3.42,3.25,3.29,669000.0
PACE,2022-03-15,3.4,3.4,3.2,3.26,859000.0
PACE,2022-03-16,3.26,3.39,3.26,3.32,380500.0
PACE,2022-03-17,3.39,3.57,3.35,3.38,510000.0
PACE,2022-03-18,3.49,3.49,3.1,3.19,253500.0
PACE,2022-03-21,3.25,3.25,3.01,3.12,218000.0
PACE,2022-03-22,3.16,3.3,3.09,3.11,336000.0
PACE,2022-03-24,3.12,3.23,3.12,3.13,194500.0
PACE,2022-03-25,3.1,3.35,3.1,3.22,655000.0
PACE,2022-03-28,3.21,3.3,3.15,3.29,160500.0
PACE,2022-03-29,3.33,3.54,3.33,3.47,452500.0
PACE,2022-03-30,3.45,3.64,3.2,3.41,748000.0
PACE,2022-03-31,3.4,3.56,3.4,3.53,531500.0
PACE,2022-04-01,3.45,3.63,3.4,3.49,673000.0
PACE,2022-04-04,3.16,3.39,3.16,3.27,487500.0
PACE,2022-04-05,3.35,3.35,3.3,3.32,179500.0
PACE,2022-04-06,3.35,3.35,3.29,3.34,90000.0
PACE,2022-04-07,3.28,3.35,3.25,3.26,286000.0
PACE,2022-04-08,3.24,3.35,3.24,3.33,257500.0
PACE,2022-04-11,3.54,4.0,3.48,3.91,4100000.0
PACE,2022-04-12,4.0,4.04,3.63,3.8,1078500.0
PACE,2022-04-13,3.8,3.92,3.66,3.69,1095000.0
PACE,2022-04-14,3.7,3.89,3.61,3.83,672000.0
PACE,2022-04-15,3.96,4.09,3.83,3.96,3473500.0
PACE,2022-04-18,4.0,4.05,3.76,3.84,798500.0
PACE,2022-04-19,3.81,3.81,3.7,3.7,333000.0
PACE,2022-04-20,3.8,3.8,3.56,3.6,351000.0
PACE,2022-04-21,3.68,3.68,3.5,3.59,278500.0
PACE,2022-04-22,3.65,3.7,3.6,3.67,203500.0
PACE,2022-04-25,3.8,3.89,3.6,3.62,776500.0
PACE,2022-04-26,3.73,3.75,3.24,3.4,399000.0
PACE,2022-04-27,3.41,3.6,3.34,3.42,513500.0
PACE,2022-04-28,3.34,3.59,3.33,3.44,202500.0
PACE,2022-05-06,3.45,3.45,3.35,3.38,166500.0
PACE,2022-05-09,3.28,3.35,3.0,3.15,999500.0
PACE,2022-05-10,3.1,3.24,3.1,3.22,229000.0
PACE,2022-05-11,3.24,3.24,2.85,2.97,905500.0
PACE,2022-05-12,3.0,3.1,2.8,3.02,1032500.0
PACE,2022-05-13,2.92,3.1,2.83,3.09,88000.0
PACE,2022-05-16,3.14,3.14,2.87,2.9,214000.0
PACE,2022-05-17,2.82,3.04,2.82,2.97,456500.0
PACE,2022-05-18,3.0,3.25,2.94,3.21,1213000.0
PACE,2022-05-19,3.1,3.24,2.95,3.0,1103500.0
PACE,2022-05-20,2.94,3.03,2.9,3.0,100000.0
PACE,2022-05-23,2.94,3.05,2.8,2.93,326500.0
PACE,2022-05-24,2.96,3.05,2.9,2.96,68000.0
PACE,2022-05-25,2.9,3.05,2.88,2.99,241500.0
PACE,2022-05-26,3.05,3.15,3.0,3.11,466500.0
PACE,2022-05-27,3.18,3.3,3.03,3.1,715500.0
PACE,2022-05-30,3.06,3.18,3.02,3.05,72500.0
PACE,2022-05-31,3.03,3.09,3.01,3.07,27000.0
PACE,2022-06-01,3.03,3.14,2.94,2.97,800000.0
PACE,2022-06-02,3.07,3.07,2.96,3.0,69000.0
PACE,2022-06-03,3.0,3.0,2.76,2.88,255000.0
PACE,2022-06-06,2.88,3.05,2.88,2.92,97500.0
PACE,2022-06-07,2.85,3.05,2.8,2.96,142000.0
PACE,2022-06-08,2.97,2.97,2.86,2.88,1610000.0
PACE,2022-06-09,2.94,3.14,2.88,2.98,631500.0
PACE,2022-06-10,2.97,3.0,2.97,2.98,61500.0
PACE,2022-06-13,2.92,3.02,2.9,2.93,519500.0
PACE,2022-06-14,2.9,3.05,2.9,3.05,120000.0
PACE,2022-06-15,3.09,3.13,3.05,3.1,519000.0
PACE,2022-06-16,3.03,3.09,2.88,2.93,628500.0
PACE,2022-06-17,2.99,3.4,2.93,3.26,5610500.0
PACE,2022-06-20,3.2,3.33,3.04,3.11,511500.0
PACE,2022-06-21,3.19,3.24,3.1,3.16,983000.0
PACE,2022-06-22,3.25,3.4,3.14,3.21,837500.0
PACE,2022-06-23,3.27,3.35,3.2,3.25,1063000.0
PACE,2022-06-24,3.21,3.3,3.02,3.12,1281000.0
PACE,2022-06-27,3.0,3.21,3.0,3.14,399000.0
PACE,2022-06-28,3.28,3.28,3.01,3.03,663500.0
PACE,2022-06-29,3.19,3.19,2.98,3.0,572500.0
PACE,2022-06-30,3.0,3.09,3.0,3.02,158500.0
PACE,2022-07-01,3.05,3.11,3.0,3.01,108500.0
PACE,2022-07-04,3.0,3.01,2.9,2.92,309000.0
PACE,2022-07-05,2.92,3.03,2.91,2.94,131500.0
PACE,2022-07-06,3.0,3.18,2.95,3.06,462500.0
PACE,2022-07-07,3.07,3.1,3.0,3.03,324000.0
PACE,2022-07-13,3.03,3.14,3.0,3.1,580500.0
PACE,2022-07-14,3.1,3.13,3.06,3.1,205500.0
PACE,2022-07-15,3.12,3.14,3.0,3.0,398500.0
PACE,2022-07-18,3.1,3.1,2.91,2.97,92000.0
PACE,2022-07-19,2.91,3.08,2.85,2.89,1429000.0
PACE,2022-07-20,2.78,2.9,2.75,2.83,116000.0
PACE,2022-07-21,2.82,2.83,2.7,2.71,502500.0
PACE,2022-07-22,2.72,2.89,2.61,2.78,303500.0
PACE,2022-07-25,2.51,2.82,2.65,2.68,139500.0
PACE,2022-07-26,2.71,2.77,2.69,2.7,37500.0
PACE,2022-07-27,2.9,2.9,2.7,2.75,291500.0
PACE,2022-07-28,2.86,2.87,2.8,2.8,171000.0
PACE,2022-07-29,2.65,2.85,2.65,2.74,379000.0
PACE,2022-08-01,2.73,2.78,2.72,2.74,134500.0
PACE,2022-08-02,2.68,2.74,2.67,2.7,232000.0
PACE,2022-08-03,2.74,2.89,2.74,2.8,447000.0
PACE,2022-08-04,2.86,2.88,2.8,2.82,229000.0
PACE,2022-08-05,2.8,3.09,2.8,3.04,2888500.0
PACE,2022-08-10,3.05,3.09,2.97,3.01,505500.0
PACE,2022-08-11,3.08,3.58,3.08,3.37,13249000.0
PACE,2022-08-12,3.42,3.77,3.42,3.63,8414000.0
PACE,2022-08-15,3.7,3.76,3.49,3.51,2799500.0
PACE,2022-08-16,3.56,3.83,3.3,3.59,6315000.0
PACE,2022-08-17,3.69,3.78,3.5,3.71,3120500.0
PACE,2022-08-18,3.78,3.95,3.65,3.7,9231000.0
PACE,2022-08-19,3.79,3.79,3.58,3.63,869500.0
PACE,2022-08-22,3.61,3.61,3.47,3.48,781000.0
PACE,2022-08-23,3.6,3.62,3.51,3.58,485500.0
PACE,2022-08-24,3.58,3.6,3.4,3.48,554000.0
PACE,2022-08-25,3.5,3.5,3.37,3.41,629000.0
PACE,2022-08-26,3.44,3.44,3.27,3.32,1003500.0
PACE,2022-08-29,3.28,3.33,3.19,3.31,512000.0
PACE,2022-08-30,3.34,3.44,3.22,3.26,348000.0
PACE,2022-08-31,3.3,3.33,3.08,3.17,417500.0
PACE,2022-09-01,3.2,3.36,3.15,3.16,547500.0
PACE,2022-09-02,3.2,3.23,3.07,3.18,626500.0
PACE,2022-09-05,3.18,3.18,3.07,3.07,273500.0
PACE,2022-09-06,3.1,3.25,3.03,3.19,439500.0
PACE,2022-09-07,3.25,3.25,3.05,3.07,209000.0
PACE,2022-09-08,3.21,3.21,3.03,3.12,270500.0
PACE,2022-09-09,3.18,3.18,3.08,3.11,82500.0
PACE,2022-09-12,3.05,3.15,3.05,3.08,61000.0
PACE,2022-09-13,3.06,3.15,3.01,3.04,306000.0
PACE,2022-09-14,3.03,3.06,2.93,3.0,497500.0
PACE,2022-09-15,3.12,3.12,2.99,3.01,336000.0
PACE,2022-09-16,3.01,3.01,2.95,2.98,534000.0
PACE,2022-09-19,2.94,3.04,2.94,2.97,160000.0
PACE,2022-09-20,2.96,3.04,2.9,2.93,331000.0
PACE,2022-09-21,2.94,3.01,2.87,2.9,242000.0
PACE,2022-09-22,2.87,2.9,2.8,2.88,277000.0
PACE,2022-09-23,2.9,2.9,2.83,2.85,43000.0
PACE,2022-09-26,2.82,2.98,2.82,2.95,446500.0
PACE,2022-09-27,3.0,3.1,2.99,3.0,286500.0
PACE,2022-09-28,3.0,3.03,2.9,2.98,722500.0
PACE,2022-09-29,2.99,3.0,2.92,2.96,56500.0
PACE,2022-09-30,2.88,2.93,2.84,2.89,721000.0
PACE,2022-10-03,2.98,2.98,2.88,2.91,155500.0
PACE,2022-10-04,2.88,3.02,2.85,3.0,623000.0
PACE,2022-10-05,3.09,3.18,3.02,3.08,1137500.0
PACE,2022-10-06,3.14,3.15,3.06,3.11,778500.0
PACE,2022-10-07,3.05,3.08,3.01,3.07,597000.0
PACE,2022-10-10,2.94,3.1,2.9,3.01,619500.0
PACE,2022-10-11,3.0,3.1,2.91,2.93,1121000.0
PACE,2022-10-12,2.91,2.99,2.89,2.95,257000.0
PACE,2022-10-13,2.87,2.97,2.87,2.95,137500.0
PACE,2022-10-14,2.91,2.97,2.87,2.94,340500.0
PACE,2022-10-17,2.81,2.97,2.81,2.9,84500.0
PACE,2022-10-18,2.89,3.19,2.89,3.08,772500.0
PACE,2022-10-19,3.2,3.6,3.08,3.27,8077500.0
PACE,2022-10-20,3.25,3.26,3.06,3.13,1674500.0
PACE,2022-10-21,3.29,3.29,3.05,3.11,999500.0
PACE,2022-10-24,3.34,3.34,3.12,3.13,225500.0
PACE,2022-10-25,3.07,3.3,3.06,3.08,1249500.0
PACE,2022-10-26,3.08,3.08,2.91,2.93,459000.0
PACE,2022-10-27,2.94,3.07,2.85,2.91,745500.0
PACE,2022-10-28,2.86,3.0,2.85,2.9,231500.0
PACE,2022-10-31,3.0,3.0,2.88,2.88,105000.0
PACE,2022-11-01,3.01,3.15,3.0,3.06,693000.0
PACE,2022-11-02,3.08,3.18,3.0,3.06,660500.0
PACE,2022-11-03,3.14,3.3,3.07,3.27,1824500.0
PACE,2022-11-04,3.09,3.45,3.09,3.29,3892500.0
PACE,2022-11-07,3.38,3.53,3.32,3.34,2747000.0
PACE,2022-11-08,3.35,3.57,3.27,3.29,3828500.0
PACE,2022-11-10,3.35,3.39,3.25,3.29,485000.0
PACE,2022-11-11,3.31,3.35,3.21,3.25,905500.0
PACE,2022-11-14,3.2,3.25,3.15,3.22,270500.0
PACE,2022-11-15,3.21,3.28,3.14,3.15,387500.0
PACE,2022-11-16,3.21,3.24,3.1,3.19,105500.0
PACE,2022-11-17,3.2,3.2,3.09,3.11,187000.0
PACE,2022-11-18,3.16,3.19,3.01,3.08,232500.0
PACE,2022-11-21,3.1,3.15,3.05,3.08,92000.0
PACE,2022-11-22,3.05,3.1,3.05,3.1,235000.0
PACE,2022-11-23,3.04,3.08,3.0,3.02,309500.0
PACE,2022-11-24,2.93,3.06,2.93,3.04,468000.0
PACE,2022-11-25,3.04,3.15,2.95,3.0,404500.0
PACE,2022-11-28,3.0,3.0,2.9,2.96,373500.0
PACE,2022-11-29,2.95,2.98,2.93,2.94,139000.0
PACE,2022-11-30,2.97,2.97,2.9,2.93,160500.0
PACE,2022-12-01,2.98,3.09,2.93,2.95,911000.0
PACE,2022-12-02,3.0,3.0,2.82,2.87,510500.0
PACE,2022-12-05,2.85,2.9,2.75,2.76,239500.0
PACE,2022-12-06,2.8,2.89,2.75,2.84,154000.0
PACE,2022-12-07,2.99,3.09,2.8,2.92,807500.0
PACE,2022-12-08,2.9,3.12,2.9,3.03,2090500.0
PACE,2022-12-09,3.07,3.36,3.03,3.11,5821000.0
PACE,2022-12-12,3.13,3.25,3.13,3.22,2030000.0
PACE,2022-12-13,3.25,3.29,3.04,3.05,673500.0
PACE,2022-12-14,3.05,3.05,2.93,2.95,576500.0
PACE,2022-12-15,2.92,2.92,2.84,2.85,527500.0
PACE,2022-12-16,2.94,2.97,2.76,2.8,350000.0
PACE,2022-12-19,2.85,2.85,2.7,2.77,131000.0
PACE,2022-12-20,2.71,2.74,2.4,2.43,1636000.0
PACE,2022-12-21,2.64,2.64,2.42,2.48,371000.0
PACE,2022-12-22,2.6,2.64,2.45,2.58,195000.0
PACE,2022-12-23,2.51,2.7,2.51,2.55,481500.0
PACE,2022-12-26,2.68,2.9,2.55,2.67,284000.0
PACE,2022-12-27,2.58,2.75,2.58,2.62,166000.0
PACE,2022-12-28,2.61,2.62,2.41,2.46,378500.0
PACE,2022-12-29,2.45,2.63,2.45,2.56,460000.0
PACE,2022-12-30,2.6,2.79,2.54,2.6,334000.0
PACE,2023-01-02,2.6,2.75,2.6,2.68,439000.0
PACE,2023-01-03,2.74,2.78,2.65,2.67,345500.0
PACE,2023-01-04,2.79,2.8,2.51,2.55,644500.0
PACE,2023-01-05,2.7,2.7,2.6,2.63,58000.0
PACE,2023-01-06,2.65,2.66,2.5,2.62,903000.0
PACE,2023-01-09,2.54,2.65,2.54,2.56,114000.0
PACE,2023-01-10,2.69,2.74,2.55,2.63,265500.0
PACE,2023-01-11,2.65,2.65,2.54,2.55,122000.0
PACE,2023-01-12,2.55,2.64,2.55,2.63,116000.0
PACE,2023-01-13,2.51,2.58,2.51,2.57,101000.0
PACE,2023-01-16,2.57,2.57,2.47,2.49,168500.0
PACE,2023-01-17,2.55,2.55,2.41,2.42,389000.0
PACE,2023-01-18,2.5,2.5,2.35,2.4,136000.0
PACE,2023-01-19,2.4,2.55,2.3,2.4,506500.0
PACE,2023-01-20,2.67,2.67,2.22,2.25,814000.0
PACE,2023-01-23,2.4,2.4,2.25,2.3,41500.0
PACE,2023-01-24,2.3,2.43,2.3,2.34,105000.0
PACE,2023-01-25,2.5,2.47,2.32,2.43,212500.0
PACE,2023-01-26,2.48,2.54,2.31,2.44,303000.0
PACE,2023-01-27,2.55,2.51,2.36,2.37,124000.0
PACE,2023-01-30,2.45,2.45,2.31,2.35,377000.0
PACE,2023-01-31,2.43,2.44,2.35,2.38,91500.0
PACE,2023-02-01,2.48,2.48,2.31,2.4,67500.0
PACE,2023-02-02,2.4,2.4,2.32,2.34,15000.0
PACE,2023-02-03,2.49,2.54,2.31,2.37,159500.0
PACE,2023-02-06,2.5,2.52,2.38,2.4,500500.0
PACE,2023-02-07,2.35,2.5,2.35,2.4,229000.0
PACE,2023-02-08,2.41,2.71,2.41,2.51,1268500.0
PACE,2023-02-09,2.6,2.61,2.5,2.51,543500.0
PACE,2023-02-10,2.5,2.6,2.45,2.46,112000.0
PACE,2023-02-13,2.46,2.59,2.38,2.41,1126000.0
PACE,2023-02-14,2.42,2.47,2.3,2.31,372500.0
PACE,2023-02-15,2.37,2.37,2.3,2.34,378500.0
PACE,2023-02-16,2.42,2.43,2.3,2.33,52000.0
PACE,2023-02-17,2.45,2.45,2.26,2.28,85000.0
PACE,2023-02-20,2.44,2.44,2.15,2.23,236500.0
PACE,2023-02-21,2.26,2.3,2.26,2.3,19000.0
PACE,2023-02-22,2.3,2.4,2.3,2.32,166500.0
PACE,2023-02-23,2.35,2.35,2.2,2.29,94500.0
PACE,2023-02-24,2.33,2.39,2.2,2.29,288000.0
PACE,2023-02-27,2.22,2.33,2.22,2.31,155000.0
PACE,2023-02-28,2.26,2.31,2.2,2.29,182000.0
PACE,2023-03-01,2.18,2.3,2.18,2.3,94000.0
PACE,2023-03-02,2.3,2.34,2.25,2.25,68500.0
PACE,2023-03-03,2.34,2.44,2.24,2.36,626000.0
PACE,2023-03-06,2.36,2.44,2.31,2.4,234000.0
PACE,2023-03-07,2.33,2.4,2.33,2.4,825500.0
PACE,2023-03-08,2.6,2.76,2.45,2.49,3760000.0
PACE,2023-03-09,2.59,2.59,2.4,2.42,832000.0
PACE,2023-03-10,2.42,2.58,2.42,2.49,1494000.0
PACE,2023-03-13,2.44,2.55,2.44,2.49,397500.0
PACE,2023-03-14,2.49,2.5,2.41,2.45,92500.0
PACE,2023-03-15,2.4,2.61,2.4,2.5,1683500.0
PACE,2023-03-16,2.55,2.7,2.5,2.63,1919000.0
PACE,2023-03-17,2.72,2.77,2.54,2.59,1927500.0
PACE,2023-03-20,2.59,2.64,2.5,2.6,335000.0
PACE,2023-03-21,2.69,2.69,2.55,2.56,633500.0
PACE,2023-03-22,2.6,2.65,2.45,2.46,258000.0
PACE,2023-03-24,2.5,2.51,2.37,2.38,133000.0
PACE,2023-03-27,2.5,2.5,2.36,2.36,100500.0
PACE,2023-03-28,2.39,2.48,2.36,2.4,207000.0
PACE,2023-03-29,2.4,2.4,2.3,2.33,109000.0
PACE,2023-03-30,2.34,2.34,2.31,2.32,22500.0
PACE,2023-03-31,2.33,2.39,2.3,2.32,566500.0
PACE,2023-04-03,2.35,2.43,2.35,2.37,30000.0
PACE,2023-04-04,2.41,2.41,2.16,2.19,2740000.0
PACE,2023-04-05,2.25,2.32,2.15,2.17,1099000.0
PACE,2023-04-06,2.23,2.3,2.15,2.26,403000.0
PACE,2023-04-07,2.0,2.26,2.0,2.08,1280500.0
PACE,2023-04-10,2.05,2.15,1.99,2.13,1210000.0
PACE,2023-04-11,2.18,2.18,2.06,2.11,136500.0
PACE,2023-04-12,2.04,2.16,2.04,2.08,351000.0
PACE,2023-04-13,2.13,2.13,2.06,2.08,90000.0
PACE,2023-04-17,2.14,2.15,2.02,2.03,198500.0
PACE,2023-04-18,2.13,2.14,2.03,2.1,53500.0
PACE,2023-04-19,2.19,2.22,2.1,2.17,354000.0
PACE,2023-04-20,2.1,2.17,2.1,2.15,178500.0
PACE,2023-04-26,2.23,2.25,2.15,2.19,332000.0
PACE,2023-04-27,2.23,2.23,2.09,2.11,417000.0
PACE,2023-04-28,2.2,2.2,2.1,2.16,398500.0
PACE,2023-05-02,2.24,2.24,2.1,2.16,248500.0
PACE,2023-05-03,2.1,2.2,2.1,2.15,46500.0
PACE,2023-05-04,2.16,2.16,2.0,2.02,667000.0
PACE,2023-05-05,2.06,2.09,1.91,2.05,544000.0
PACE,2023-05-08,2.02,2.07,1.9,2.01,259500.0
PACE,2023-05-09,1.98,2.0,1.9,1.92,244500.0
PACE,2023-05-10,2.0,2.0,1.95,1.99,74000.0
PACE,2023-05-11,2.08,2.0,1.85,1.88,431500.0
PACE,2023-05-12,2.0,2.0,1.61,1.84,223000.0
PACE,2023-05-15,1.98,2.0,1.86,1.99,218500.0
PACE,2023-05-16,2.0,2.15,1.95,1.97,95000.0
PACE,2023-05-17,1.95,2.03,1.94,1.98,218000.0
PACE,2023-05-18,2.0,2.0,1.85,1.88,125500.0
PACE,2023-05-19,1.92,1.92,1.76,1.88,131500.0
PACE,2023-05-22,1.83,1.83,1.76,1.8,309000.0
PACE,2023-05-23,1.9,1.9,1.75,1.77,140500.0
PACE,2023-05-24,1.75,1.85,1.75,1.77,264500.0
PACE,2023-05-25,1.73,1.77,1.7,1.72,246500.0
PACE,2023-05-26,1.69,1.74,1.63,1.72,549000.0
